Time (seconds),Throughput (requests/second),Average Latency (millisecond),Minimum Latency (millisecond),25th Percentile Latency (millisecond),Median Latency (millisecond),75th Percentile Latency (millisecond),90th Percentile Latency (millisecond),95th Percentile Latency (millisecond),99th Percentile Latency (millisecond),Maximum Latency (millisecond),tp (req/s) scaled,,Throughput (requests/second),Throughput (requests/second)
0,7451.6,276.832,0.587,83.815,211.013,408.744,600.576,752.51,1060.72,2018.283,0.004,,7451.6,3378.8
5,7625.2,267.611,0.579,94.831,217.752,405.012,559.922,654.895,862.615,1546.711,0.004,,7625.2,0
10,3948,515.716,0.511,101.74,260.205,512.597,2274.178,2525.452,2890.656,3648.187,0.002,,3948,7286
15,2726,1525.248,0.955,115.373,283.423,608.05,8352.394,8580.684,8888.076,9819.104,0.001,,2726,9690.8
20,0,-0.001,-0.001,-0.001,-0.001,-0.001,-0.001,-0.001,-0.001,-0.001,-1000,,0,8867
25,9372,209.364,0.46,65.613,170.058,312.741,450.472,540.255,724.995,1545.608,0.005,,9372,8076.2
30,9318.4,220.022,0.461,66.442,172.9,331.387,483.663,579.737,775.877,1348.013,0.005,,9318.4,5085
35,8732,236.329,0.606,82.327,190.858,354.086,506.192,599.223,791.14,1343.964,0.004,,8732,6311.6
40,8064.8,254.409,0.592,82.79,202.349,385.347,545.807,646.889,862.585,1881.449,0.004,,8064.8,4022.8
45,7196.2,283.188,0.745,92.684,226.148,426.091,613.257,726.993,954.8,1669.919,0.004,,7196.2,8565.2
50,7064.8,291.919,0.901,92.373,231.672,443.698,625.967,740.558,972.451,1576.48,0.003,,7064.8,8734.6
55,6552.6,312.896,0.707,99.439,249.094,478.273,667.376,791.43,1054.291,1679.593,0.003,,6552.6,7835
60,6216.2,330.584,0.794,113.767,254.646,499.62,703.358,832.84,1136.138,2097.695,0.003,,6216.2,7041
65,5891.2,349.789,0.84,108.704,273.912,535.154,747.628,881.618,1211.911,2180.451,0.003,,5891.2,6646
70,5666.6,363.013,0.766,116.133,284.005,551.272,776.787,914.105,1263.612,2258.686,0.003,,5666.6,4476
75,5584,366.668,0.652,113.015,287.239,565.566,783.039,922.446,1239.737,2108.32,0.003,,5584,882.8
80,5400.2,374.923,0.631,116.851,286.919,574.627,807.466,951.454,1300.101,2286.747,0.003,,5400.2,9360.4
85,8130.2,248.55,0.622,67.337,187.527,378.141,560.019,672.956,919.097,1593.489,0.004,,8130.2,9186.2
90,7979.6,257.878,0.519,82.873,203.793,387.117,556.968,662.84,884.083,1597.765,0.004,,7979.6,8513.2
95,7236.6,285.561,0.712,93.764,226.333,434.078,611.825,719.765,956.27,1725.975,0.004,,7236.6,7580.8
100,6374.4,318.163,0.721,100.391,252.132,476.192,687.084,833.789,1130.343,2031.764,0.003,,6374.4,62.4
105,6473.4,320.373,1.003,115.369,256.239,478.859,673.485,792.104,1053.11,2007.449,0.003,,6473.4,6079.6
110,4317.4,806.769,0.792,98.571,277.265,573.622,1205.229,5461.366,5920.182,6882.647,0.001,,4317.4,4721.4
115,2359.8,234.961,1.025,71.138,190.847,350.092,518.18,618.613,818.774,1313.679,0.004,,2359.8,6070.4
120,9424.8,217.517,0.491,65.396,171.418,326.737,477.827,572.469,769.217,1445.285,0.005,,9424.8,8982.6
125,8707,237.439,0.562,80.645,189.932,353.136,507.785,606.274,817.032,1454.544,0.004,,8707,8171
130,8070,253.526,0.602,79.77,201.76,385.697,547.815,647.648,855.463,1616.889,0.004,,8070,7731.2
135,7213.6,285.211,0.564,90.929,224.867,418.847,623.172,748.41,1034.037,1975.992,0.004,,7213.6,7111.2
140,7144.6,285.178,0.652,84.296,222.354,432.553,630.642,750.132,992.903,1755.156,0.004,,7144.6,5468.2
145,6405.6,326.612,0.844,116.347,263.206,486.067,683.013,810.436,1112.274,2020.003,0.003,,6405.6,6468.4
150,6218.4,329.337,0.691,91.622,248.958,507.537,732.686,881.115,1206.353,2168.784,0.003,,6218.4,4929.2
155,6512.6,300.906,0.682,89.086,226.16,447.978,679.83,825.394,1127.038,2002.639,0.003,,6512.6,6727.8
160,8480.4,240.502,0.735,78.363,194.987,357.086,520.198,619.353,816.582,1504.936,0.004,,8480.4,8495.2
165,8226.2,249.317,0.513,83.996,200.445,373.369,533.742,633.101,830.843,1643.458,0.004,,8226.2,7711.2
170,7579.4,273.678,0.596,89.182,221.741,408.657,586.318,697.028,925.68,1669.814,0.004,,7579.4,7133.6
175,6980.4,290.294,0.665,90.955,232.37,437.096,632.491,749.384,986.543,1889.455,0.003,,6980.4,6992
180,6895.8,294.255,0.739,92.106,230.618,443.952,641.079,762.451,999.316,1643.185,0.003,,6895.8,6526.8
185,6487,322.027,0.83,104.559,253.145,485.932,693.116,824.465,1104.954,1928.312,0.003,,6487,6244
190,6174,335.68,0.724,112.386,266.834,506.108,710.529,840.796,1128.209,2322.533,0.003,,6174,2367
195,5917,343.74,0.796,95.813,259.127,516.774,773.848,932.439,1278.736,2561.744,0.003,,5917,1965.2
200,5791.2,357.4,0.732,109.503,283.319,550.044,776.475,909.653,1198.291,1830.924,0.003,,5791.2,9159.8
205,5523.8,361.259,1.161,116.569,279.878,552.062,778.657,915.91,1202.213,2035.721,0.003,,5523.8,8642.4
210,5680.4,358.168,0.817,91.779,230.167,421.438,694.122,1637.424,2007.509,2780.771,0.003,,5680.4,7855.4
215,7854.4,262.295,0.897,88.888,211.022,394.635,564.168,660.617,866.264,1523.901,0.004,,7854.4,3835.2
220,4584.2,942.793,0.865,102.494,235.664,466.633,864.967,7794.764,8171.401,9031.231,0.001,,4584.2,2969.6
225,0,-0.001,-0.001,-0.001,-0.001,-0.001,-0.001,-0.001,-0.001,-0.001,-1000,,0,1142.4
230,5467.4,649.568,0.684,102.548,267.132,524.745,898.226,4812.998,5181.89,6074.646,0.002,,5467.4,8417.8
235,1029.2,278.607,1.412,112.079,255.391,399.951,547.166,680.302,859.593,1041.342,0.004,,1029.2,8877.2
240,9392.8,216.647,0.666,73.023,173.801,320.258,471.764,563.343,741.834,1394.593,0.005,,9392.8,8466.6
245,8505,235.379,0.606,82.954,193.064,350.834,498.081,595.28,779.862,1469.614,0.004,,8505,7636.6
250,7755.2,265.236,0.563,86.035,207.419,383.726,574.068,717.229,1012.209,1732.24,0.004,,7755.2,7128.8
255,7604.2,269.953,0.622,96.01,223.379,398.12,568.863,667.485,864.814,1417.434,0.004,,7604.2,6914.6
260,7195.6,286.359,0.76,92.916,231.147,429.555,619.928,731.393,964.283,1876.969,0.003,,7195.6,6441.4
265,6703.8,306.051,0.838,113.42,246.166,457.866,644.968,753.317,973.513,1595.268,0.003,,6703.8,6380.6
270,6389.4,315.199,0.717,94.852,241.584,475.891,701.027,841.034,1114.544,1949.228,0.003,,6389.4,6035.8
275,6191.6,332.971,0.736,105.368,262.42,511.749,714.348,841.839,1137.621,1907.325,0.003,,6191.6,5787.2
280,6085.8,341.121,0.919,105.147,265.601,515.647,742.468,887.019,1191.271,2136.641,0.003,,6085.8,5894
285,5713,355.71,0.965,114.927,281.762,539.923,758.488,896.252,1183.474,2856.344,0.003,,5713,7925.6
290,5262.4,382.879,0.938,126.544,288.515,549.115,858.282,1062.22,1370.343,2697.327,0.003,,5262.4,7140.8
295,6898.2,706.903,0.554,93.997,226.602,444.967,709.428,7475.401,7977.094,8842.617,0.001,,6898.2,7089.8
300,0,-0.001,-0.001,-0.001,-0.001,-0.001,-0.001,-0.001,-0.001,-0.001,-1000,,0,6755.8
305,3884.4,358.15,0.945,109.848,271.309,505.579,730.248,868.705,1212.267,6206.826,0.003,,3884.4,6008.4
310,1064.4,1922.234,0.946,72.177,287.274,4836.788,5047.744,5166.859,5364.038,5818.348,0.001,,1064.4,6195.2
315,8618.6,219.188,0.714,66.476,184.727,326.615,470.157,560.639,750.426,1480.21,0.005,,8618.6,1348.4
320,8852.4,231.653,0.579,75.787,183.562,348.41,504.648,594.43,803.029,1555.069,0.004,,8852.4,6493.4
325,8251.2,252.301,0.729,82.914,199.932,377.513,544.974,652.701,865.855,1501.412,0.004,,8251.2,8646.8
330,7489.8,274.057,0.921,88.954,218.008,410.659,591.986,699.464,933.064,1772.43,0.004,,7489.8,8027.2
335,5682.2,359.061,0.719,98.966,246.571,481.66,808.712,1197.006,1706.153,2566.686,0.003,,5682.2,7340.6
340,2196.2,1559.304,0.638,112.404,276.701,633.026,7158.289,7324.541,7591.827,8247.797,0.001,,2196.2,7181.2
345,3189,199.006,0.696,50.093,158.687,304.097,447.653,537.175,720.435,1206.091,0.005,,3189,6555
350,9742.2,211.184,0.545,64.869,171.84,317.663,455,546.475,730.99,1468.86,0.005,,9742.2,5328.6
355,8923,230.456,0.59,70.862,177.559,347.771,507.691,611.286,817.308,1574.322,0.004,,8923,0
360,8050,256.161,0.579,90.997,207.739,375.041,544.42,652.195,885.6,1482.302,0.004,,8050,4804.4
365,7518.4,273.142,0.625,95.795,224.012,402.677,569.192,668.44,892.831,2659.197,0.004,,7518.4,9140
370,4981.4,416.171,0.635,114.464,276.973,501.353,869.39,1689.309,2037.368,2931.262,0.002,,4981.4,8524.4
375,6007.4,505.639,0.719,101.107,252.248,491.575,796.29,3336.705,3737.976,4758.301,0.002,,6007.4,8021
380,4223.2,237.362,0.608,76.443,186.78,347.16,522.538,637.446,856.42,1570.821,0.004,,4223.2,7213.4
385,8695,235.925,0.642,74.5,188.594,350.32,515.418,612.492,830.618,1497.089,0.004,,8695,6919.4
390,8091.8,253.156,0.751,80.869,201.718,386.809,543.837,640.41,867.695,1805.001,0.004,,8091.8,5175.4
395,7611.6,267.719,0.684,88.268,217.485,400.093,572.192,680.734,901.614,1459.786,0.004,,7611.6,4073
400,7088,293.179,0.716,90.504,227.586,445.338,638.863,757.869,1038.419,1660.806,0.003,,7088,6043.2
405,6590,308.028,0.549,100.411,243.077,467.004,663.606,784.522,1036.608,1678.151,0.003,,6590,5998.2
410,6420.4,321.207,0.634,91.158,246.187,489.643,715.739,855.568,1164.037,2018.838,0.003,,6420.4,5688
415,6204.4,335.243,0.986,100.111,259.844,508.798,743.335,885.549,1170.265,2094.321,0.003,,6204.4,5539.2
420,4593.4,597.16,0.655,100.773,273.357,565.587,1070.82,3480.313,3844.881,4874.216,0.002,,4593.4,5691.8
425,5226.2,247.558,0.657,83.401,204.465,371.298,527.564,618.389,811.398,1312.015,0.004,,5226.2,6774.6
430,5858.2,349.561,0.6,103.516,236.365,433.516,749.208,1306.685,1670.462,2374.397,0.003,,5858.2,1816.4
435,7412.2,282.969,0.67,95.844,228.956,418.266,604.503,722.116,947.867,1521.668,0.004,,7412.2,6682.2
440,3407,847.269,0.585,88.895,242.846,505.804,4934.809,5141.643,5472.055,6473.763,0.001,,3407,5762
445,3566.2,500.302,0.866,118.027,275.54,506.041,726.826,895.311,6817.525,7660.248,0.002,,3566.2,1694.4
450,525,3779.16,0.576,133.394,6144.307,6296.711,6460.521,6502.733,6764.638,7223.5,0,,525,7029.8
455,6689.4,211.598,0.846,76.375,175.045,315.858,442.381,520.143,692.345,1259.381,0.005,,6689.4,7740.8
460,9314.6,223.211,0.663,70.198,179.06,330.229,485.917,588.362,802.274,1415.138,0.004,,9314.6,7304
465,8531.4,240.057,0.576,78.132,192.208,360.113,516.348,615.47,823.206,1416.946,0.004,,8531.4,7172.8
470,7841.2,260.011,0.573,80.466,203.437,390.459,570.787,684.469,902.961,1728.903,0.004,,7841.2,5217.4
475,7307.4,280.315,0.77,104.488,226.662,419.088,591.675,690.311,923.879,1615.92,0.004,,7307.4,4998.4
480,6837.2,300.565,0.681,92.835,235.442,457.955,655.396,780.573,1025.537,1733.589,0.003,,6837.2,4133.8
485,6665,304.202,1.01,98.243,242.776,458.515,650.699,775.516,1027.841,1741.767,0.003,,6665,6767.6
490,6189.4,333.403,0.685,116.064,256.462,505.103,709.977,834.564,1093.366,1793.071,0.003,,6189.4,8962.4
495,6047.4,343.627,0.562,99.944,260.905,517.215,763.609,923.784,1291.885,2348.064,0.003,,6047.4,8440.2
500,5745.2,349.212,1.105,105.459,263.312,533.367,772.651,913.101,1227.977,2372.975,0.003,,5745.2,7793.4
505,6266.4,319.47,0.725,107.295,253.861,476.052,678.678,807.289,1120.634,2173.263,0.003,,6266.4,7177.4
510,8023.8,255.919,0.561,82.906,206.461,382.675,549.475,661.027,887.452,1781.037,0.004,,8023.8,6949.4
515,7741.4,262.793,0.713,85.641,208.426,396.403,568.054,677.116,886.726,1545.028,0.004,,7741.4,6364.6
520,5312.2,891.583,0.756,103.627,243,479.51,789.467,8151.946,8512.624,9295.875,0.001,,5312.2,6060.8
525,0,-0.001,-0.001,-0.001,-0.001,-0.001,-0.001,-0.001,-0.001,-0.001,-1000,,0,5962.6
530,4523.4,314.067,0.925,110.856,260.497,466.928,657.468,773.252,999.764,1720.159,0.003,,4523.4,669.2
535,6867.4,298.483,0.849,97.758,235.21,453.934,638.477,758.956,1017.881,2124.368,0.003,,6867.4,7776.8
540,6392.4,325.074,0.786,100.967,252.6,495.615,699.993,838.834,1105.203,2081.046,0.003,,6392.4,8381
545,4559.8,779.758,0.679,99.622,277.317,564.859,1113.414,5435.161,5849.776,6938.496,0.001,,4559.8,7787.8
550,2052.8,231.604,0.818,83.795,195.05,343.998,482.033,564.24,742.546,1167.345,0.004,,2052.8,7382.2
555,9362.4,218.89,0.542,65.422,174.749,330.231,480.458,570.549,755.083,1394.149,0.005,,9362.4,3088.8
560,8839.8,231.691,0.522,71.706,181.93,345.45,507.008,610.982,816.942,1525.533,0.004,,8839.8,5942.4
565,8382.8,245.017,0.596,79.611,197.595,367.079,523.772,629.221,833.909,1456.881,0.004,,8382.8,6580.8
570,7320.4,278.614,0.799,95.142,225.679,417.417,589.175,693.391,921.036,1571.893,0.004,,7320.4,6159.2
575,7167,286.17,0.658,99.055,228.808,428.199,612.53,724.7,947.936,1659.318,0.003,,7167,5927.6
580,6490.2,316.717,0.934,106.062,245.27,475.474,687.864,816.15,1080.118,1811.662,0.003,,6490.2,5864.4
585,5768,361.543,0.66,124.445,292.523,546.159,756.355,898.292,1184.463,2025.553,0.003,,5768,4971
590,5936.4,342.199,1.041,101.11,268.852,513.501,758.425,897.221,1196.497,1983.169,0.003,,5936.4,7241.6
595,5860.4,342.616,0.856,111.437,267.04,522.758,734.044,870.386,1157.784,1922.433,0.003,,5860.4,6745.4
600,5662.2,366.497,1.06,116.614,290.287,564.412,785.794,923.556,1213.997,1907.277,0.003,,5662.2,6385.8
605,5372.6,375.534,0.663,122.689,289.495,577.443,791.728,929.516,1259.237,2411.72,0.003,,5372.6,6081.2
610,5746,357.055,1.136,111.271,273.87,542.829,778.715,923.117,1259.285,2258.992,0.003,,5746,6066.4
615,7295.6,282.923,0.6,98.06,221.771,416.899,600.341,718.901,961.085,6373.978,0.004,,7295.6,5572.6
620,1236.6,1893.908,0.888,102.972,291.363,5192.449,5430.441,5559.367,5813.441,6398.15,0.001,,1236.6,5476.2
625,4889.6,813.661,0.835,114.824,283.555,544.529,957.031,6207.229,6598.251,7494.28,0.001,,4889.6,5288.4
630,0,-0.001,-0.001,-0.001,-0.001,-0.001,-0.001,-0.001,-0.001,-0.001,-1000,,0,5187.2
635,8028.4,232.097,0.553,71.865,187.053,343.245,507.058,610.216,816.739,1383.073,0.004,,8028.4,233.2
640,8548.8,237.376,0.53,72.313,186.932,360.38,524.476,617.606,831.627,1596.241,0.004,,8548.8,7693.6
645,8077.8,250.972,0.496,79.583,197.915,376.751,547.628,651.335,861.429,1598.379,0.004,,8077.8,8381
650,7640.8,272.281,0.559,94.693,221.203,405.983,578.08,688.003,905.542,1416.633,0.004,,7640.8,7379
655,7153.6,285.019,0.608,94.776,227.826,428.924,606.611,720.37,959.747,1679.54,0.004,,7153.6,7119.6
660,6521,313.764,0.683,105.371,251.751,475.155,667.442,788.406,1031.12,1792.422,0.003,,6521,6605.2
665,6100,338.051,0.533,110.353,272.363,511.758,719.696,848.194,1121.702,1954.458,0.003,,6100,6306.8
670,5972.4,351.487,0.793,108.932,274.614,534.422,770.483,910.709,1178.755,1817.187,0.003,,5972.4,1148.6
675,5780.8,350.694,0.638,99.409,266.608,540.837,781.879,929.772,1224.043,1965.973,0.003,,5780.8,3084.8
680,5640.2,361.803,0.702,113.62,282.182,555.337,772.56,919.339,1244.025,2530.326,0.003,,5640.2,8986.6
685,5307.8,385.149,1.392,115.727,301.515,589.162,826.513,984.589,1342.271,2512.299,0.003,,5307.8,8230
690,5594.4,362.604,1.28,117.609,280.269,558.206,776.089,910.119,1223.492,2499.414,0.003,,5594.4,7611.6
695,6946.6,291.744,0.761,94.866,231.503,439.155,642.87,738.724,985.483,1674.626,0.003,,6946.6,7120.4
700,1571.8,1870.748,1.449,94.219,250.674,6245.26,6648.572,6803.885,7077.764,7697.975,0.001,,1571.8,6611.6
705,3646.8,339.1,0.755,110.862,259.827,493.573,707.291,823.718,1068.034,8198.131,0.003,,3646.8,6337.4
710,1196.2,2566.281,0.704,101.714,306.414,7077.162,7340.861,7391.538,7564.903,7796.527,0,,1196.2,5963.2
715,3732.8,243.839,0.683,86.228,207.899,345.581,505.178,625.352,864.534,1409.504,0.004,,3732.8,5863.2
720,9062.6,228.793,0.49,71.469,183.771,338.917,495.987,595.012,809.92,1714.401,0.004,,9062.6,5669
725,8424.2,241.274,0.767,77.902,190.064,359.936,524.831,624.522,837.486,1386.99,0.004,,8424.2,5541.2
730,7795.8,268.735,0.842,90.076,213.813,401.588,574.414,686.89,907.216,1650.56,0.004,,7795.8,5255.8
735,7274.8,278.63,0.929,90.546,222.01,420.554,594.983,711.743,955.634,1875.202,0.004,,7274.8,7511.4
740,6944.6,296.13,0.83,83.306,225.484,454.805,659.977,784.984,1053.356,1911.184,0.003,,6944.6,7458.2
745,6411.6,319.691,0.67,107.291,249.118,480.972,682.785,815.786,1089.251,2187.967,0.003,,6411.6,7065.2
750,6216.2,334.671,0.8,98.795,253.087,503.089,739.691,902.36,1231.034,2290.848,0.003,,6216.2,6733.6
755,6236.8,321.199,0.875,94.277,242.891,489.718,713.179,858.857,1149.951,2004.711,0.003,,6236.8,6348.2
760,8271,246.919,0.779,69.621,186.919,373.514,554.229,671.037,902.417,1588.151,0.004,,8271,5692.6
765,7749.4,264.073,0.84,83.785,208.742,398.195,572.712,681.229,905.423,1625.364,0.004,,7749.4,6038.8
770,7241.8,289.549,0.779,94.961,225.182,428.125,626.132,751.596,1009.433,1985.656,0.003,,7241.8,1235.4
775,6802.4,298.266,0.617,83.639,234.803,453.762,657.291,786.238,1054.606,1753.834,0.003,,6802.4,8707
780,6693.8,305.554,0.872,103.682,241.643,460.533,658.555,773.815,1018.782,1854.796,0.003,,6693.8,8103.4
785,5888.4,347.232,0.728,124.519,269.019,522.306,747.765,879.544,1149.411,2015.886,0.003,,5888.4,7836
790,5522.8,1084.002,0.862,106.301,280.625,579.84,965.187,10387.057,10788.651,11638.774,0.001,,5522.8,5006.8
795,0,-0.001,-0.001,-0.001,-0.001,-0.001,-0.001,-0.001,-0.001,-0.001,-1000,,0,1024.4
800,417.2,347.604,2.493,188.569,301.575,481.759,651.257,739.038,970.071,1452.767,0.003,,417.2,1340.4
805,9118,222.963,0.678,69.882,179.929,333.373,481.962,578.977,773.943,1427.732,0.004,,9118,9687.4
810,8376,244.709,0.565,79.208,192.944,366.517,532.4,637.076,854.927,1527.783,0.004,,8376,8886.8
815,7941.4,258.097,0.548,82.384,208.555,386.01,554.949,664.567,888.639,1485.442,0.004,,7941.4,8103.4
820,7251.6,285.443,0.846,98.334,228.859,423.923,610.218,722.048,961.808,1618.72,0.004,,7251.6,7674.8
825,7050.8,288.661,0.666,92.503,228.843,436.218,625.039,739.279,994.027,1755.951,0.003,,7050.8,7344.4
830,6512,316.238,0.944,102.43,252.431,479.719,674.433,801.447,1069.442,1825.145,0.003,,6512,6954
835,6238.4,332.857,0.781,109.299,261.517,503.819,716.01,845.037,1123.767,1841.625,0.003,,6238.4,6556.8
840,5889.4,500.813,0.791,115.868,275.103,537.69,769.334,939.124,8926.421,10123.425,0.002,,5889.4,5919.4
845,560.6,4567.884,1.187,131.074,8143.59,8349.731,8578.764,8662.577,8858.18,9421.741,0,,560.6,5642.8
850,2174,258.228,1.282,98.294,220.128,378.572,528.153,626.007,808.989,1201.633,0.004,,2174,5831
855,8792,235.349,0.567,74.159,189.304,352.711,511.036,606.213,803.787,1472.776,0.004,,8792,5408
860,8248.4,249.051,0.863,80.319,196.309,371.769,541.251,655.665,864.865,1689.865,0.004,,8248.4,5450.2
865,7847.8,259.872,0.837,81.607,205.474,390.25,569.327,676.136,890.027,1589.491,0.004,,7847.8,5816.8
870,6957.2,294.441,0.782,102.025,238.394,437.088,625.839,743.113,980.206,2120.614,0.003,,6957.2,7819.6
875,6771.2,304.088,0.745,102.275,240.2,456.804,650.622,772.989,1027.116,1698.513,0.003,,6771.2,5094.6
880,6488,315.999,1.044,102.05,248.914,485.431,684.592,798.962,1046.479,2058.358,0.003,,6488,3680
885,6334.8,326.464,0.708,110.476,265.228,494.358,686.272,797.75,1065.423,1849.565,0.003,,6334.8,1275.8
890,5675.6,363.563,0.981,118.751,279.951,538.625,765.86,917.042,1231.955,8301.928,0.003,,5675.6,5051.2
895,1155.8,2621.524,0.613,109.849,323.06,6904.793,7318.72,7380.556,7568.347,8040.86,0,,1155.8,8968.2
900,4199,237.852,0.828,84.983,198.549,352.451,500.469,588.802,783.79,1258.127,0.004,,4199,8491.2
905,8524,240.838,0.774,81.258,195.222,358.605,515.309,613.925,819.645,1522.036,0.004,,8524,7715.6
910,8184.6,250.733,0.704,84.556,202.583,373.417,536.382,634.784,846.008,1709.851,0.004,,8184.6,7133.2
915,7687.2,266.624,0.704,86.453,210.587,401.406,581.095,687.729,904.791,1620.383,0.004,,7687.2,6979.2
920,6099,418.925,0.873,104.362,249.123,461.202,739.203,2223.81,2677.685,3536.8,0.002,,6099,5326.6
925,4808,412.582,0.907,118.69,262.68,483.303,677.452,810.874,8170.874,8859.421,0.002,,4808,0
930,652,4342.906,1.031,99.508,7705.744,7925.945,8090.21,8159.82,8398.392,8839.029,0,,652,6899
935,3435.8,227.024,0.533,72.779,192.495,336.203,486.306,582.029,757.918,1497.317,0.004,,3435.8,9361.4
940,9393.4,223.43,0.736,70.125,176.602,333.317,483.261,590.075,787.197,1467.369,0.004,,9393.4,8748.4
945,8452.4,240.411,0.553,78.063,191.813,359.576,519.633,620.329,827.402,1449.445,0.004,,8452.4,7829.8
950,8118,247.364,0.855,75.444,198.908,371,539.61,642.499,850.558,1855.949,0.004,,8118,6871.2
955,7103,295.318,0.886,108.787,243.112,439.795,612.432,723.574,945.078,1588.198,0.003,,7103,3689.6
960,7109.2,287.719,0.736,88.618,222.951,438.247,629.598,746.296,1004.179,1691.914,0.003,,7109.2,1829.8
965,6513.8,315.312,1.143,100.706,250.797,478.902,677.168,800.927,1066.273,1788.343,0.003,,6513.8,8729.2
970,6230.2,334.094,0.982,109.384,266.124,505.374,712.307,842.193,1125.948,1950.388,0.003,,6230.2,8654.8
975,5898.6,348.158,0.733,105.12,271.605,528.707,760.624,918.636,1217.122,2116.088,0.003,,5898.6,8143.8
980,7344.8,273.978,0.789,78.629,213.966,409.523,613.633,741.584,1034.514,1713.566,0.004,,7344.8,7364.4
985,8049,252.105,0.844,75.855,195.533,379.525,555.078,664.784,891.762,1681.17,0.004,,8049,6920
990,7734.8,265.362,0.607,81.537,205.408,397.874,583.592,697.937,941.608,2014.004,0.004,,7734.8,6196
995,7262.6,311.593,0.611,100.69,228.218,429.655,590.673,704.552,1014.271,6126.38,0.003,,7262.6,8789.4
1000,743.6,2620.223,1.262,92.13,431.067,5166.334,5318.211,5417.835,5704.953,6513.829,0,,743.6,8080.2
1005,6168.6,314.681,0.644,103.623,251.659,471.484,681.475,806.657,1061.27,1960.873,0.003,,6168.6,7428.4
1010,6612,310.373,0.642,92.602,243.681,469.413,680.343,811.753,1069.149,2317.971,0.003,,6612,3632.4
1015,4687.4,945.643,1.214,109.04,285.239,590.972,1109.222,7320.984,7743.901,8743.832,0.001,,4687.4,4202
1020,0,-0.001,-0.001,-0.001,-0.001,-0.001,-0.001,-0.001,-0.001,-0.001,-1000,,0,1466.4
1025,7618,222.863,0.764,76.896,183.213,329.317,473.525,568.765,753.929,1497.458,0.004,,7618,8456.6
1030,8713.2,233.963,0.722,71.548,182.162,348.507,514.375,621.02,835.495,1508.77,0.004,,8713.2,8272.6
1035,8010.2,256.897,0.79,81.791,200.603,384.959,560.51,674.259,892.863,1696.957,0.004,,8010.2,7975
1040,7946,257.637,0.63,82.721,202.071,384.868,558.991,671.303,889.517,1756.513,0.004,,7946,7422.8
1045,5776,356.646,0.948,109.667,251.262,478.011,790.851,1149.947,1542.045,2264.14,0.003,,5776,7055.4
1050,6583.4,309.857,0.796,102.522,245.941,467.248,666.209,794.2,1041.049,2103.408,0.003,,6583.4,6488
1055,6557.4,310.681,0.605,102.513,248.381,460.6,677.093,804.415,1093.038,2324.311,0.003,,6557.4,6153.8
1060,6886.8,412.22,0.769,83.179,216.569,426.244,703.719,2703.22,3130.28,4004.933,0.002,,6886.8,6200.8
1065,4632.8,271.449,0.663,88.814,220.222,406.202,585.639,687.403,926.333,1419.785,0.004,,4632.8,5803.2
1070,7796.4,262.618,0.613,82.787,209.483,392.343,565.981,682.022,904.732,1631.706,0.004,,7796.4,5549.4
1075,6958.6,295.064,0.854,97.485,241.606,436.384,625.493,747.467,1003.629,1758.052,0.003,,6958.6,7615
1080,6712,308.962,0.737,98.398,249.33,471.204,662.575,777.994,1032.778,1619.18,0.003,,6712,6743.4
1085,4836.4,422.55,0.606,112.607,277.612,606.88,1022.934,1315.424,1823.363,2771.607,0.002,,4836.4,0
1090,3403.8,1184.958,1.607,123.176,304.368,627.848,7215.999,7505.388,7953.863,8867.438,0.001,,3403.8,4839
1095,0,-0.001,-0.001,-0.001,-0.001,-0.001,-0.001,-0.001,-0.001,-0.001,-1000,,0,0
1100,9220.2,219.466,0.618,71.906,176.388,328.183,471.484,564.946,764.142,1282.155,0.005,,9220.2,4946
1105,9028,233.072,0.87,74.213,188.232,348.449,503.425,603.791,788.972,1390.623,0.004,,9028,9116.4
1110,8199,250.147,0.845,80.954,201.092,375.665,538.894,636.668,844.451,1411.57,0.004,,8199,8130.4
1115,7466.4,274.163,1.015,91.212,217.788,412.934,583.655,692.732,923.489,1719.566,0.004,,7466.4,7669.2
1120,7139.8,286.781,0.809,97.131,230.748,430.573,612.252,723.503,950.28,1582.853,0.003,,7139.8,7269
1125,5152.6,403.529,0.811,112.811,272.768,530.147,895.68,1410.185,1858.032,2657.166,0.002,,5152.6,6830.4
1130,6151,331.397,0.583,98.171,259.147,505.287,725.584,864.87,1156.615,2091.559,0.003,,6151,6535.2
1135,6114.4,338.5,0.711,100.03,265.87,515.324,746.193,882.864,1166.394,2301.812,0.003,,6114.4,6027.6
1140,5070,763.381,0.812,100.281,247.086,504.305,930.051,6106.513,6382.467,7115.971,0.001,,5070,5759.8
1145,579.6,290.742,1.159,159.141,256.547,389.825,569.923,681.877,824.531,1062.723,0.003,,579.6,5797.6
1150,5838.6,359.854,0.77,84.282,214.848,423.115,704.153,1698.572,2086.228,2611.692,0.003,,5838.6,5382.6
1155,7913.8,253.719,0.846,85.835,205.069,381.516,538.977,641.124,838.99,1725.13,0.004,,7913.8,5232.8
1160,7427.8,279.64,0.587,93.399,221.77,415.428,598.794,724.451,960.104,1701.281,0.004,,7427.8,4877.6
1165,4424.8,529.877,0.568,98.491,255.307,495.035,907.613,2927.945,3392.468,4166.651,0.002,,4424.8,6970.8
1170,5042.4,1173.902,1.021,113.48,272.132,530.985,932.735,10914.322,11231.217,12196.696,0.001,,5042.4,7021.4
1175,0,-0.001,-0.001,-0.001,-0.001,-0.001,-0.001,-0.001,-0.001,-0.001,-1000,,0,4617.2
1180,0,-0.001,-0.001,-0.001,-0.001,-0.001,-0.001,-0.001,-0.001,-0.001,-1000,,0,2956
1185,8365.4,229.593,0.692,74.585,187.43,340.231,492.776,594.854,797.463,1448.906,0.004,,8365.4,4804
1190,8888.8,232.748,0.74,69.112,179.807,351.491,516.051,615.772,825.409,1599.296,0.004,,8888.8,2013.4
1195,8346.2,246.985,0.952,80.295,197.094,366.728,534.399,640.312,859.132,1823.671,0.004,,8346.2,9046
1200,7479,272.184,0.938,91.768,217.251,409.186,587.557,692.505,900.09,1549.531,0.004,,7479,8508
1205,6939.2,295.023,0.9,96.531,240.924,445.703,630.62,741.374,980.496,1673.443,0.003,,6939.2,7921.4
1210,6995.2,296.705,0.869,92.138,237.68,451.04,644.029,761.373,994.687,1616.808,0.003,,6995.2,7257.6
1215,6589.2,310.092,0.784,93.309,240.983,470.954,674.432,806.845,1091.799,2016.953,0.003,,6589.2,7139.2
1220,5978.4,349.122,1.021,115.962,271.457,522.97,747.076,899.488,1220.836,2198.905,0.003,,5978.4,6215.4
1225,4690.4,784.408,0.79,98.632,271.689,570.839,1094.581,5629.143,5979.974,6561.622,0.001,,4690.4,1570.6
1230,1113.8,319.575,1.667,148.316,290.817,468.755,580.352,692.699,905.121,1242.859,0.003,,1113.8,4306.8
1235,8516.6,238.36,0.759,84.538,197.344,354.172,502.167,593.276,771.718,1248.499,0.004,,8516.6,8060.8
1240,8065.4,255.918,0.705,81.786,204.53,386.522,553.822,657.05,874.969,1462.697,0.004,,8065.4,8423.6
1245,7657.8,267.811,0.808,95.405,216.724,399.002,566.974,673.787,879.542,1526.093,0.004,,7657.8,7845.4
1250,6973.2,292.989,0.917,96.044,237.11,442.454,624.359,734.818,973.236,1746.444,0.003,,6973.2,6984.4
1255,6777.4,320.369,0.712,100.956,240.286,463.996,667.862,801.032,1667.614,2898.456,0.003,,6777.4,6886.4
1260,4748.2,425.003,1.179,123.003,289.413,556.183,887.652,1352.997,1964.46,6476.788,0.002,,4748.2,6440
1265,1062,2027.733,1.087,119.336,376.391,4921.262,5212.401,5426.4,5627.732,6126.847,0,,1062,6118.6
1270,7610.8,239.247,0.72,72.378,193.167,359.103,521.589,621.62,843.835,1751.899,0.004,,7610.8,5796.8
1275,8606.4,237.523,0.816,79.207,190.415,355.369,509.608,610.255,809.277,1417.503,0.004,,8606.4,7854.6
1280,7703.2,265.024,0.597,92.676,211.256,385.476,556.309,678.113,969.502,1766.339,0.004,,7703.2,5046.2
1285,7441.8,277.692,0.605,97.513,225.373,413.087,583.801,698.481,917.599,1634.564,0.004,,7441.8,7036.4
1290,6897.4,295.581,0.878,87.062,232.499,448.372,649.595,780.999,1048.426,1894.38,0.003,,6897.4,7528.8
1295,6653,314.117,0.597,100.19,244.603,474.774,679.115,814.596,1101.348,1920.203,0.003,,6653,6781.8
1300,6174.6,330.65,1.074,105.859,266.323,498.386,704.45,833.068,1119.913,1840.407,0.003,,6174.6,555.2
1305,5886,345.146,0.547,101.477,269.329,527.603,757.059,900.041,1189.145,1923.994,0.003,,5886,3851.2
1310,2576.2,1363.318,1.527,133.229,356.787,764.194,6552.31,6811.327,7208.051,8346.521,0.001,,2576.2,0
1315,2303.6,229.418,1.031,91.798,189.504,336.208,464.895,561.157,760.245,1276.049,0.004,,2303.6,9639.6
1320,8861.2,236.81,0.694,71.051,188.515,355.745,515.509,617.474,821.41,1602.775,0.004,,8861.2,8755.6
1325,8300.2,246.437,0.624,83.003,195.692,364.651,528.535,635.805,853.835,2168.571,0.004,,8300.2,8218.6
1330,7720,265.248,0.677,80.312,208.019,397.135,582.429,702.795,948.819,1823.074,0.004,,7720,7715.6
1335,5060,408.801,0.587,101.61,244.925,474.479,809.814,1838.276,2236.792,3211.026,0.002,,5060,6951
1340,6794.8,300.062,0.558,97.277,238.939,446.155,643.309,762.548,1002.04,4566.287,0.003,,6794.8,6731.6
1345,2395.4,858.488,2.224,131.727,324.041,694.429,3444.524,3666.676,3923.976,4710.396,0.001,,2395.4,6317.2
1350,3399.4,1387.603,1.262,106.937,283.57,575.367,9097.307,9371.938,9713.991,10240.202,0.001,,3399.4,6150.6
1355,0,-0.001,-0.001,-0.001,-0.001,-0.001,-0.001,-0.001,-0.001,-0.001,-1000,,0,3714.2
1360,6218.2,226.217,0.963,74.072,183.507,339.631,486.268,579.587,765.879,1358.993,0.004,,6218.2,0
1365,9032,225.221,0.835,76.77,185.285,334.124,480.228,571.933,760.277,1455.601,0.004,,9032,9150.4
1370,8289.6,246.727,0.636,74.493,194.739,370.096,540.111,652.302,866.473,1628.814,0.004,,8289.6,8347
1375,8004.6,262.327,0.704,81.999,204.842,393.807,574.005,689.533,917.959,1616.1,0.004,,8004.6,7826.6
1380,7238,278.424,0.734,90.683,224.594,417.331,593.535,707.448,946.535,1887.868,0.004,,7238,7204.6
1385,6706.6,306.253,0.573,95.145,238.141,460.417,672.441,801.388,1066.617,1742.766,0.003,,6706.6,6914.4
1390,6501.2,318.714,1.349,97.627,250.29,486.32,690.348,817.496,1087.087,1783.642,0.003,,6501.2,6883.4
1395,5958.6,345.964,0.557,108.52,259.155,518.93,762.879,916.989,1247.242,2445.393,0.003,,5958.6,4098.6
1400,6105.4,331.911,0.645,94.587,258.324,510.477,733.058,867.734,1138.488,1970.147,0.003,,6105.4,464.4
1405,5839.2,348.68,0.796,110.533,269.578,536.573,756.619,883.423,1160.071,2146.824,0.003,,5839.2,9572
1410,5621.4,370.41,0.937,116.773,286.677,572.53,803.663,932.677,1242.303,2092.803,0.003,,5621.4,8662.4
1415,7504.4,265.237,0.789,82.049,211.24,400.011,576.646,691.316,915.78,1685.428,0.004,,7504.4,8044.8
1420,6210.6,358.02,1.021,108.172,258.869,498.62,839.302,1080.856,1414.427,2156.259,0.003,,6210.6,7498.4
1425,6300.4,300.654,0.676,93.427,243.162,453.686,648.769,773.426,1030.64,1727.343,0.003,,6300.4,6872.8
1430,6659,303.574,0.596,95.877,245.088,463.632,653.235,776.204,1013.413,1953.943,0.003,,6659,6832.8
1435,6535.2,316.552,0.804,103.261,251.382,476.902,679.373,796.713,1078.428,1889.04,0.003,,6535.2,6088.2
1440,6099.8,337.997,0.986,107.432,266.039,511.074,722.116,857.506,1139.888,2153.403,0.003,,6099.8,280.6
1445,5798.2,352.671,1.064,114.012,275.834,535.718,756.393,892.245,1188.875,2030.192,0.003,,5798.2,4139
1450,3117,1776.3,1.227,122.579,329.268,715.854,10992.527,11202.152,11722.293,12682.51,0.001,,3117,8109.2
1455,0,-0.001,-0.001,-0.001,-0.001,-0.001,-0.001,-0.001,-0.001,-0.001,-1000,,0,8451.6
1460,2134.6,265.017,1.257,84.876,220.642,395.67,562.83,670.849,871.629,1296.239,0.004,,2134.6,7762.8
1465,8952.8,229.16,0.608,76.518,186.243,339.479,490.432,584.824,800.297,1386.785,0.004,,8952.8,7279.8
1470,8284.2,246.249,0.721,80.585,197.336,368.878,533.037,632.872,838.448,1453.296,0.004,,8284.2,6756.2
1475,7603.2,271.053,0.936,91.389,218.751,402.315,580.941,692.298,910.336,1778.546,0.004,,7603.2,6469.8
1480,7162,286.576,0.881,93.61,232.166,433.938,612.873,720.82,941.067,2700.373,0.003,,7162,4435.4
1485,4414,467.103,1.154,111.546,273.553,555.163,1166.065,1965.801,2299.901,3085.647,0.002,,4414,1955
1490,6093.2,639.701,0.715,104.083,262.361,505.374,851.168,5185.319,5530.664,6259.078,0.002,,6093.2,0
1495,478.4,370.666,3.186,227.491,335.31,478.86,670.581,773.441,983.604,1290.101,0.003,,478.4,4731.2
1500,8619,236.395,0.817,75.988,192.87,349.424,510.902,611.128,824.554,1352.037,0.004,,8619,9171.8
1505,8395.4,244.474,0.588,76.309,192.914,366.233,528.345,638.817,860.299,1716.653,0.004,,8395.4,8405.2
1510,7907.6,261.809,0.501,90.316,215.075,380.351,562.282,660.741,877.306,1591.937,0.004,,7907.6,8014.8
1515,7159.8,284.66,0.539,101.837,229.379,423.953,601.549,712.049,941.034,1908.751,0.004,,7159.8,7208
1520,7077.8,289.386,0.957,82.937,223.392,440.07,641.629,767.873,1015.701,1740.985,0.003,,7077.8,6932.6
1525,6507.6,316.667,0.785,99.04,244.7,480.524,691.547,819.767,1096.726,1871,0.003,,6507.6,6639.2
1530,6384,318.639,1.269,105.809,255.998,486.352,676.371,792.619,1042.653,1683.838,0.003,,6384,4444.2
1535,5939.2,352.879,0.946,118.491,280.081,533.401,749.115,876.009,1176.239,2143.726,0.003,,5939.2,3604.6
1540,5445.6,374.641,0.746,109.15,282.446,573.006,837.874,997.55,1328.79,2521.467,0.003,,5445.6,5888
1545,5534.8,368.216,0.681,117.108,292.533,562.78,787.897,929.095,1253.086,2134.021,0.003,,5534.8,9056.2
1550,5223,395.792,1.238,115.938,310.841,612.999,862.227,1005.492,1327.72,2105.53,0.003,,5223,8543.2
1555,5271.8,384.427,1.248,122.737,302.838,589.765,809.695,951.735,1273.859,3450.149,0.003,,5271.8,7882.2
1560,4669,436.95,1.258,110.472,268.251,522.329,923.812,1878.006,2295.149,3387.99,0.002,,4669,7246.2
1565,6648.8,307.561,0.979,109.494,246.093,451.685,656.092,777.709,1040.719,1750.483,0.003,,6648.8,5109.6
1570,3495,892.744,1.414,103.504,253.19,515.126,5336.461,5568.373,6006.438,6947.035,0.001,,3495,445.4
1575,2794.2,352.33,1.221,131.627,288.72,525.466,727.982,859.222,1138.079,9229.112,0.003,,2794.2,797.4
1580,2117,1729.355,0.964,98.602,291.317,722.903,7699.831,7899.76,8349.483,8886.174,0.001,,2117,0
1585,1321,295.839,2.337,114.483,243.845,443.691,611.978,714.164,950.755,1293.093,0.003,,1321,8030
1590,8942.8,230.865,0.649,82.125,194.279,339.206,484.941,573.356,777.93,1381.108,0.004,,8942.8,8804.4
1595,8362.8,239.523,0.856,84.084,193.461,356.562,510.872,606.331,791.141,1217.948,0.004,,8362.8,8189.6
1600,7881.4,262.91,0.805,85.542,210.711,394.53,566.529,675.724,887.442,1558.207,0.004,,7881.4,7926.6
1605,7257,282.39,0.922,94.792,228.737,425.491,595.441,709.276,950.759,1772.977,0.004,,7257,6991
1610,6855.4,302.226,1.027,88.362,229.315,455.43,674.622,807.648,1094.434,2088.416,0.003,,6855.4,7054.6
1615,6395.8,317.988,0.806,110.03,250.899,477.701,678.097,803.165,1057.096,2177.52,0.003,,6395.8,6487.4
1620,2615.8,2078.548,1.155,102.041,294.268,655.873,11519.633,11758.844,12210.321,12959.969,0,,2615.8,6133.4
1625,0,-0.001,-0.001,-0.001,-0.001,-0.001,-0.001,-0.001,-0.001,-0.001,-1000,,0,5770
1630,2459.6,273.457,1.13,101.185,221.86,398.625,574.422,694.954,933.808,1480.131,0.004,,2459.6,5817.6
1635,8647.4,237.511,0.659,81.848,192.926,353.67,505.335,604.761,798.446,1669.667,0.004,,8647.4,5434.2
1640,8159.2,250.265,0.585,84.637,205.731,373.37,526.9,624.703,836.838,1430.176,0.004,,8159.2,5235.8
1645,7689.2,264.678,0.649,93.1,214.258,391.196,566.202,666.96,897.513,1602.01,0.004,,7689.2,5520.6
1650,7126.8,289.601,0.988,100.958,236.43,433.92,608.075,721.23,940.545,1756.598,0.003,,7126.8,7495.6
1655,6843.2,300.787,0.75,80.112,223.61,454.926,679.957,826.526,1133.621,2134.858,0.003,,6843.2,4376.8
1660,6430.6,318.975,0.98,106.009,252.701,483.213,681.94,807.721,1055.197,1797.499,0.003,,6430.6,0
1665,6076.6,340.987,0.746,113.961,272.186,512.834,728.505,860.866,1144.494,2013.648,0.003,,6076.6,4668.8
1670,5706.2,388.942,0.719,113.391,275.953,525.799,772.62,910.317,1341.641,8626.27,0.003,,5706.2,3060.6
1675,663,4545.302,1.216,134.856,7552.389,7810.926,8089.237,8223.02,8550.996,9082.781,0,,663,9226.6
1680,3555.4,239.719,1.075,75.301,187.892,360.296,527.457,626.543,828.707,1389.805,0.004,,3555.4,8795.6
1685,8584.4,239.302,0.789,85.593,198.341,351.849,504.994,599.753,793.4,1476.436,0.004,,8584.4,7850.2
1690,8188.8,252.985,0.484,77.385,199.978,382.303,552.699,661.459,883.978,1692.655,0.004,,8188.8,7421.2
1695,7726.4,263.984,0.943,87.551,210.135,396.511,568.862,678.183,908.838,1581.138,0.004,,7726.4,7030.6
1700,6683.6,371.566,0.664,106.042,243.989,466.541,742.286,1562.859,1928.59,3090.667,0.003,,6683.6,6414.6
1705,4986.4,991.744,1.156,115.536,275.954,520.261,879.675,8596.972,9004.816,9735.066,0.001,,4986.4,6361
1710,0,-0.001,-0.001,-0.001,-0.001,-0.001,-0.001,-0.001,-0.001,-0.001,-1000,,0,5612.6
1715,2819.2,272.076,0.781,82.844,211.871,414.11,601.137,707.919,928.378,1535.56,0.004,,2819.2,3285.2
1720,8467,237.252,0.548,79.714,189.238,353.883,506.9,610.652,796.47,1364.066,0.004,,8467,0
1725,8451.6,260.888,0.677,76.701,197.766,372.811,566.422,741.261,1097.61,1860.986,0.004,,8451.6,4288.8
1730,6736.6,280.346,0.583,97.648,228.917,414.691,590.818,706.767,940.374,1661.837,0.004,,6736.6,8585.6
1735,7177.6,286.795,0.98,95.815,227.104,420.31,619.113,742.13,1000.123,1810.589,0.003,,7177.6,8311.2
1740,6970.2,297.579,0.581,94.722,238.585,450.954,639.996,755.737,989.851,1667.042,0.003,,6970.2,7560.8
1745,6381.2,314.619,1.145,103.597,249.71,477.119,676.277,792.529,1045.98,1782.492,0.003,,6381.2,5737.6
1750,6266.2,330.469,1.435,112.445,260.035,493.733,702.719,837.778,1145.742,1755.452,0.003,,6266.2,6593
1755,5748.6,420.327,0.557,110.096,284.249,551.052,778.13,930.919,1389.604,11692.175,0.002,,5748.6,3636.6
1760,694.6,5598.445,1.08,138.496,9972.694,10260.221,10451.051,10543.563,10762.341,11041.561,0,,694.6,5639.2
1765,0,-0.001,-0.001,-0.001,-0.001,-0.001,-0.001,-0.001,-0.001,-0.001,-1000,,0,8418.6
1770,7852.4,235.758,0.647,81.404,191.43,351.084,505.561,587.82,792.708,1296.895,0.004,,7852.4,8130.6
1775,8291.6,247.645,0.665,85.761,200.364,365.919,529.335,629.824,831.325,1528.667,0.004,,8291.6,7697.4
1780,8045.2,254.95,1.018,78.93,204.477,385.559,547.146,651.05,870.297,1545.247,0.004,,8045.2,6924
1785,7256.2,282.763,1.065,91.848,223.094,421.655,610.948,732.231,978.175,2070.932,0.004,,7256.2,6706.2
1790,6837.2,299.218,0.764,96.084,239.044,450.509,646.774,768.488,1007.832,1652.646,0.003,,6837.2,6387.4
1795,6712.8,310.113,0.678,93.994,242.211,475.822,672.576,802.933,1065.225,2287.102,0.003,,6712.8,6200.8
1800,6227.4,326.12,1.155,102.872,258.976,496.161,704.87,832.395,1106.384,1766.075,0.003,,6227.4,5575.6
1805,5740,366.924,1.024,117.221,292.992,553.203,792.571,930.784,1241.267,2197.32,0.003,,5740,3812.4
1810,3206,1504.628,0.644,108.61,293.589,632.216,9384.945,9685.367,10072.836,10900.213,0.001,,3206,0
1815,0,-0.001,-0.001,-0.001,-0.001,-0.001,-0.001,-0.001,-0.001,-0.001,-1000,,0,4613.4
1820,5083.6,242.708,0.87,76.962,206.408,360.665,515.345,618.104,792.127,1369.581,0.004,,5083.6,8059.4
1825,8663.4,236.617,0.899,77.26,189.434,354.568,508.557,607.222,809.917,1480.747,0.004,,8663.4,6935.2
1830,8092.6,251.59,0.703,82.596,202.322,373.86,540.233,650.581,865.931,1541.482,0.004,,8092.6,7129.8
1835,7737.8,263.888,0.65,87.504,211.868,395.3,564.713,664.828,873.784,1539.102,0.004,,7737.8,1516.4
1840,4439.6,519.834,0.65,109.376,263.379,518.834,1017.372,2748.938,3036.924,4477.418,0.002,,4439.6,4901.4
1845,5004.6,1012.03,1.019,113.802,278.345,550.744,927.016,8764.938,9171.586,9862.18,0.001,,5004.6,317
1850,0,-0.001,-0.001,-0.001,-0.001,-0.001,-0.001,-0.001,-0.001,-0.001,-1000,,0,4734.2
1855,3338.4,247.051,0.859,86.441,206.8,365.042,518.161,612.923,826.888,1416.519,0.004,,3338.4,8594.6
1860,8482.6,241.042,0.552,81.839,196.843,357.898,514.298,610.472,813.351,1560.262,0.004,,8482.6,8331.6
1865,8278.8,251.509,0.782,76.83,201.543,380.346,545.315,652.924,859.808,1542.988,0.004,,8278.8,7592.2
1870,7763.4,262.094,0.793,85.334,211.091,391.443,559.002,669.871,898.195,1552.812,0.004,,7763.4,7115.8
1875,7146.8,286.714,0.841,96.168,232.635,425.409,612.346,733.065,969.681,1669.05,0.003,,7146.8,6741.8
1880,7021.4,293.429,0.905,96.061,238.168,444.271,625.305,735.129,979.891,1930.99,0.003,,7021.4,6500.4
1885,6079.8,332.773,0.92,111.9,264.297,503.499,710.065,842.048,1108.932,1810.556,0.003,,6079.8,6062.2
1890,6258,329.637,0.797,96.767,256.461,506.27,727.063,863.04,1133.672,2297.36,0.003,,6258,5803.4
1895,5896.6,351.095,0.744,106.512,275.305,539.862,762.272,894.902,1176.801,2048.405,0.003,,5896.6,5519.2
1900,6855.2,293.331,0.782,97.131,228.429,420.269,652.731,790.625,1112.746,1954.767,0.003,,6855.2,5356
1905,3299,786.853,1.031,88.105,218.524,430.007,4479.564,4856.884,5020.539,6017.404,0.001,,3299,4894.4
1910,5092.4,295.468,0.606,103.763,239.772,442.979,620.665,736.197,963.666,1533.006,0.003,,5092.4,5098.8
1915,7085.8,289.852,1.169,95.28,230.97,432.516,622.965,743.487,994.41,7581.334,0.003,,7085.8,7106.2
1920,1895.2,1490.159,0.919,99.453,279.189,719.902,5918.269,6165.297,6501.581,7096.138,0.001,,1895.2,7197.6
1925,3614,1744.839,1.493,146.277,314.715,585.478,12559.069,12836.838,13091.737,13939.38,0.001,,3614,3183
1930,0.2,12691.055,12691.055,12691.055,12691.055,12691.055,12691.055,12691.055,12691.055,12691.055,0,,0.2,2998.8
1935,0,-0.001,-0.001,-0.001,-0.001,-0.001,-0.001,-0.001,-0.001,-0.001,-1000,,0,4645.6
1940,4513.4,238.116,0.955,76.769,187.267,355.625,519.541,623.242,828.048,1542.205,0.004,,4513.4,8108.4
1945,8627.2,233.668,0.816,86.119,195.924,342.711,485.858,584.031,748.831,1439.76,0.004,,8627.2,8373.8
1950,7993.6,249.248,0.847,84.811,198.889,368.841,536.52,641.641,847.012,1375.74,0.004,,7993.6,7393.2
1955,7905,262.672,0.634,83.615,210.766,397.252,564.899,672.289,881.757,1476.1,0.004,,7905,7165.6
1960,7087.2,288.448,0.831,107.825,234.718,428.079,599.914,708.179,938.804,1470.574,0.003,,7087.2,5461
1965,6851.6,306.93,0.9,100.06,246.254,463.378,657.545,778.163,1028.056,1736.144,0.003,,6851.6,1341.4
1970,6336.8,322.027,0.752,116.407,263.953,479.989,673.285,791.911,1063.217,1941.214,0.003,,6336.8,6255.2
1975,5898.8,347.926,0.796,117.363,277.187,520.895,736.992,875.403,1177.726,2368.994,0.003,,5898.8,3859.8
1980,5611.2,358.3,0.764,115.898,276.963,536.33,793.059,940.636,1225.535,2086.883,0.003,,5611.2,4080.4
1985,5843,360.659,0.554,105.3,274.132,553.361,805.176,961.802,1249.086,2115.856,0.003,,5843,8209
1990,5178.2,383.883,1.258,133.079,305.693,580.168,808.245,945.932,1243.525,2106.358,0.003,,5178.2,7927.6
1995,7284,279.149,0.999,98.988,228.224,416.353,588.996,697.494,909.022,1417.817,0.004,,7284,7051.8
2000,7083.2,291.449,1.505,108.161,241.855,434.407,608.693,708.163,920.441,1696.011,0.003,,7083.2,6112
2005,5274.2,622.931,0.659,107.215,270.924,496.536,846.275,4408.264,4841.738,6016.776,0.002,,5274.2,6433.6
2010,2306.6,352.256,1.403,123.806,285.164,539.258,727.092,854.46,1117.121,1640.071,0.003,,2306.6,6411.8
2015,2018,2074.423,1.219,113.313,295.807,669.302,9142.715,9350.618,9573.004,9979.112,0,,2018,5687.6
2020,0,-0.001,-0.001,-0.001,-0.001,-0.001,-0.001,-0.001,-0.001,-0.001,-1000,,0,1159.2
2025,8032.6,238.523,0.729,90.869,197.091,352.121,493.748,586.988,768.957,1427.886,0.004,,8032.6,5234.2
2030,8519.2,242.387,0.722,76.485,193.819,362.345,523.658,632.229,853.121,1625.639,0.004,,8519.2,8210.4
2035,8400,246.034,0.944,82.361,202.195,365.249,524.921,620.922,815.141,1430.776,0.004,,8400,8315
2040,7442.8,275.528,0.643,90.328,220.546,417.684,592.761,705.352,922.985,1520.659,0.004,,7442.8,7404.8
2045,7153.8,286.524,1.112,89.214,225.111,433.017,615.623,736.809,1014.805,1778.596,0.003,,7153.8,7005.2
2050,6498.6,312.714,0.565,99.984,247.791,470.124,683.416,814.219,1059.391,1772.866,0.003,,6498.6,6596.6
2055,6326.6,324.652,1.446,112.372,265.938,489.701,677.214,792.511,1052.783,2067.677,0.003,,6326.6,6269.6
2060,5758.8,360.682,0.642,134.684,290.088,543.108,756.225,894.12,1132.795,1943.009,0.003,,5758.8,5850
2065,1614.2,2652.703,0.975,144.361,345.015,9258.148,9651.181,9876.376,10088.401,10608.494,0,,1614.2,5795
2070,0,-0.001,-0.001,-0.001,-0.001,-0.001,-0.001,-0.001,-0.001,-0.001,-1000,,0,5505.2
2075,7253.6,246.374,1.019,86.327,202.334,366.86,519.839,615.957,825.621,1429.963,0.004,,7253.6,2871.8
2080,8155.8,255.307,0.925,91.801,211.865,379.712,532.958,628.643,830.204,1351.323,0.004,,8155.8,5404.8
2085,7801,264.309,1.059,91.483,215.274,395.454,564.217,667.767,864.815,1514.73,0.004,,7801,6618
2090,7338,274.431,1.051,92.132,222.469,410.664,590.372,691.563,901.044,1576.846,0.004,,7338,7213
2095,6652,318.099,0.906,111.15,253.082,478.169,676.129,793.903,1068.393,2032.254,0.003,,6652,2068.2
2100,6637.2,306.055,1.044,79.656,224.657,469.019,702.654,845.15,1106.271,2750.028,0.003,,6637.2,4358.6
2105,5786.8,344.176,0.761,119.529,279.657,522.183,718.368,844.347,1114.789,2308.304,0.003,,5786.8,6778.6
2110,5848.6,365.32,0.897,122.729,292.488,545.913,779.505,929.208,1231.002,1950.796,0.003,,5848.6,6135.2
2115,5755.2,340.681,0.815,96.685,256.471,516.747,775.002,932.216,1234.412,2275.429,0.003,,5755.2,6565.4
2120,7445.4,276.883,0.901,96.283,227.567,411.759,586.125,697.666,904.75,1489.976,0.004,,7445.4,7250.4
2125,7336,286.413,1.139,100.536,228.219,424.098,610.375,727.645,967.561,1655.199,0.003,,7336,7335.2
2130,6764,296.828,0.913,109.523,247.858,442.572,613.63,717.806,934.744,1530.364,0.003,,6764,6612
2135,1620,2425.535,1.284,115.166,300.615,8537.852,8891.937,9061.379,9372.189,10359.959,0,,1620,6516.4
2140,473.8,497.221,4.589,225.909,412.598,718.574,1004.378,1148.668,1342.637,1659.067,0.002,,473.8,6108.6
2145,4535.8,1231.261,0.947,107.468,276.77,557.896,1054.748,10447.087,10810.449,11525.768,0.001,,4535.8,5639.8
2150,0,-0.001,-0.001,-0.001,-0.001,-0.001,-0.001,-0.001,-0.001,-0.001,-1000,,0,1472.6
2155,1890.4,257.52,1.505,88.053,208.869,379.54,559.036,664.75,883.303,1538.512,0.004,,1890.4,2975.2
2160,8811.8,232.831,1.181,75.009,186.754,348.867,501.841,602.251,795.61,1535.291,0.004,,8811.8,8597.2
2165,8037,254.865,0.863,81.229,204.167,381.722,551.382,656.705,879.854,1544.456,0.004,,8037,8079.4
2170,7761.6,266.979,0.794,89.25,214.576,399.768,567.803,679.814,895.378,1499.978,0.004,,7761.6,7867.8
2175,6765.2,301.967,0.928,102.089,245.381,453.409,639.481,751.393,998.213,1663.914,0.003,,6765.2,6977.6
2180,6314.6,319.484,0.751,93.115,252.739,479.649,701.831,843.144,1120.537,2168.096,0.003,,6314.6,7009
2185,6339.6,322.113,1.279,110.081,261.371,480.721,679.969,811.69,1076.653,1979.318,0.003,,6339.6,4194.8
2190,4303.6,1126.178,1.157,126.641,311.699,619.027,1293.047,8608.837,8804.566,9515.239,0.001,,4303.6,4490.8
2195,0,-0.001,-0.001,-0.001,-0.001,-0.001,-0.001,-0.001,-0.001,-0.001,-1000,,0,0
2200,5294,245.532,1.041,83.957,200.278,373.123,522.943,598.354,801.742,1362.224,0.004,,5294,0
2205,8792.6,231.985,0.912,76.845,188.095,345.592,499.528,594.311,791.614,1427.719,0.004,,8792.6,4405.2
2210,8017,256.193,0.536,83.125,210.137,381.517,548.761,651.038,860.466,1472.945,0.004,,8017,6898.2
2215,7307.2,283.779,0.585,95.514,226.913,424.35,600.849,724.853,963.336,1778.302,0.004,,7307.2,8204.6
2220,7010.2,290.516,1.263,95.836,232.963,438.091,618.514,733.121,976.847,2000.818,0.003,,7010.2,7481.4
2225,3321.2,910.123,0.831,104.523,256.996,537.472,5207.96,5453.529,5829.821,6568.961,0.001,,3321.2,7124
2230,3281.6,328.049,1.249,119.898,269.915,484.368,672.433,784.749,1018.423,4973.496,0.003,,3281.6,6685.6
2235,2018.2,1006.47,0.847,113.169,277.86,641.453,3934.083,4174.358,4417.244,4940.892,0.001,,2018.2,6243.8
2240,8752.4,232.965,0.682,76.367,189.606,348.013,495.689,595.51,809.334,1458.106,0.004,,8752.4,5660.8
2245,7923.2,258.929,0.696,89.599,209.475,383.56,548.331,659.669,882.555,1693.895,0.004,,7923.2,1526.4
2250,8027.6,256.346,0.937,79.122,201.483,383.821,561.701,671.819,905.15,1761.127,0.004,,8027.6,5202.4
2255,7358.6,281.859,1.097,96.84,229.545,421.17,598.451,714.023,947.265,1805.283,0.004,,7358.6,8101.2
2260,6950.6,292.056,0.968,101.732,232.576,435.864,620.747,739.314,980.555,2005.973,0.003,,6950.6,8056.4
2265,6720.8,308.01,0.742,94.253,239.115,466.581,679.244,806.917,1047.598,1699.865,0.003,,6720.8,7331.4
2270,6271.8,323.982,1.493,112.414,264.275,490.195,680.335,800.837,1032.41,1820.878,0.003,,6271.8,6987.8
2275,5709.2,361.968,0.643,130.362,286.825,543.98,761.145,901.061,1203.877,2013.159,0.003,,5709.2,4073
2280,1821.2,1764.595,0.776,135.647,342.714,818.423,6854.991,7041.13,7363.197,8342.305,0.001,,1821.2,4699.8
2285,3370.6,248.667,0.927,83.237,209.214,369.83,527.012,622.319,818.429,1224.254,0.004,,3370.6,374.4
2290,8472.6,243.517,0.598,85.999,201.673,359.676,512.337,608.338,803.522,1385.788,0.004,,8472.6,7501.4
2295,7040,442.503,0.583,77.281,203.27,385.131,619.441,3581.063,4090.955,5132.22,0.002,,7040,8437
2300,3456.6,280.45,0.969,101.062,224.012,419.516,599.523,710.05,929.664,1619.184,0.004,,3456.6,7791.4
2305,7784,265.808,0.869,87.81,214.046,397.466,570.93,677.516,902.036,1633.645,0.004,,7784,7357.2
2310,6730.4,304.579,1.111,98.957,244.326,454.095,648.408,779.587,1044.132,1848.995,0.003,,6730.4,6642
2315,3184,791.978,0.61,104.857,263.779,534.859,4064.761,4333.972,4719.306,5637.906,0.001,,3184,6685.4
2320,4595.8,343.578,1.112,120.91,281.942,521.356,722.78,848.48,1106.422,1714.776,0.003,,4595.8,6239.8
2325,4587,857.101,0.847,115.172,293.14,578.206,1087.799,6202.872,6573.124,7296.153,0.001,,4587,5757.8
2330,403.4,368.783,6.231,222.722,328.231,488.145,641.162,741.929,974.32,1630.037,0.003,,403.4,5550
2335,8490.8,238.484,1.086,84.756,193.719,352.363,505.11,602.479,802.01,1407.527,0.004,,8490.8,5406.2
2340,8079,255.053,0.793,89.594,207.982,380.727,540.793,640.707,846.201,1428.415,0.004,,8079,5318.6
2345,7935,260.423,0.79,88.635,210.252,384.559,561.646,665.137,874.721,2016.132,0.004,,7935,7569.6
2350,6079.6,334.722,0.831,101.648,253.437,472.375,749.747,972.983,1376.865,2176.848,0.003,,6079.6,7374
2355,6897.8,298.171,0.916,101.493,241.618,449.038,632.821,744.764,989.245,1675.959,0.003,,6897.8,6981.6
2360,6258.6,326.85,1.124,119.315,263.253,485.09,695.328,814.905,1054.133,1908.169,0.003,,6258.6,563.6
2365,6050.2,341.741,0.865,110.546,267.92,513.778,735.892,879.992,1187,2009.724,0.003,,6050.2,3207
2370,4149.6,691.437,0.562,128.088,310.459,627.723,1462.348,3867.622,4254.503,5194.87,0.001,,4149.6,1578.8
2375,3408.4,344.604,1.935,116.38,273.222,516.104,738.091,876.294,1164.087,2054.448,0.003,,3408.4,1931.8
2380,7813.6,264.436,0.761,89.178,213.536,393.026,575.803,681.941,899.77,1803.982,0.004,,7813.6,8959
2385,7700.4,264.974,0.981,85.602,205.604,390.956,579.15,699.247,972.833,1828.189,0.004,,7700.4,8376.8
2390,7143.2,295.96,0.882,102.568,235.467,439.236,627.348,754.542,1017.804,1669.266,0.003,,7143.2,7651
2395,6793.8,294.374,0.859,89.43,232.177,444.765,642.359,769.337,1031.763,1742.499,0.003,,6793.8,7715.8
2400,6427,319.103,0.785,107.595,257.221,480.577,676.792,808.894,1070.055,2045.62,0.003,,6427,6244.6
2405,5922.2,347.923,0.897,120.192,281.879,524.947,729.588,871.326,1160.303,1979.208,0.003,,5922.2,6721.2
2410,4598.4,1029.953,0.835,116.861,304.572,591.845,1096.004,8110.897,8502.157,9293.904,0.001,,4598.4,6107.2
2415,0,-0.001,-0.001,-0.001,-0.001,-0.001,-0.001,-0.001,-0.001,-0.001,-1000,,0,5917.4
2420,5362,259.35,1.072,103.076,213.481,375.647,542.624,656.129,828.427,1404.426,0.004,,5362,5546.4
2425,8295.8,245.766,0.929,83.787,199.601,365.928,524.696,622.931,826.255,1415.037,0.004,,8295.8,5284.6
2430,7826.6,261.663,0.865,83.783,202.377,396.17,570.09,682.738,910.14,1673.377,0.004,,7826.6,4705.2
2435,7375.4,276.983,0.946,84.872,214.208,417.523,609.588,734.42,999.951,1889.581,0.004,,7375.4,0
2440,6707.8,306.712,0.956,117.973,250.746,453.024,638.238,754.152,991.541,1726.972,0.003,,6707.8,5634
2445,6504.8,315.781,0.572,104.545,251.639,474.851,671.67,803.6,1067.048,1671.531,0.003,,6504.8,7719
2450,6192,332.032,0.871,118.92,266.915,497.787,699.013,824.206,1091.095,2105.837,0.003,,6192,7277
2455,5686.2,368.62,1.015,117.53,284.346,546.158,781.161,924.651,1234.376,11142.151,0.003,,5686.2,3592.6
2460,999,4104.996,1.948,139.432,423.17,9717.381,9963.341,10068.979,10299.496,10774.52,0,,999,2143.2
2465,0,-0.001,-0.001,-0.001,-0.001,-0.001,-0.001,-0.001,-0.001,-0.001,-1000,,0,2885.8
2470,7964,246.615,0.8,90.377,205.897,360.131,516.832,622.29,801.926,1473.88,0.004,,7964,0
2475,8128.2,252.2,0.9,75.019,199.304,380.507,554.865,664.266,884.38,1548.83,0.004,,8128.2,8248.2
2480,7851.8,259.833,0.933,85.775,207.98,389.59,558.034,666.873,885.534,1616.561,0.004,,7851.8,8292
2485,6988.2,297.509,0.653,107.464,240.123,441.48,635.964,737.938,975.589,1659.568,0.003,,6988.2,7858.6
2490,6732.6,303.28,0.982,104.885,240.604,447.467,649.84,778.172,1045.585,1854.363,0.003,,6732.6,7189.2
2495,6306,322.257,1.416,99.073,253.213,491.419,699.755,824.449,1105.85,1978.168,0.003,,6306,6685.4
2500,6114.6,342.782,0.692,118.529,271.228,519.177,732.451,855.871,1121.153,1869.63,0.003,,6114.6,6541.8
2505,5120.4,398.648,0.797,116.202,313.054,597.692,870.025,1041.175,1431.877,2629.84,0.003,,5120.4,6231.6
2510,5490.8,377.948,1.034,115.942,293.69,584.554,824.414,971.45,1278.158,2492.473,0.003,,5490.8,3444.2
2515,5174.2,393.725,1.444,131.325,303.762,587.787,832.19,1010.835,1404.873,2445.152,0.003,,5174.2,0
2520,3584,598.144,2.127,117.75,290.646,613.462,2489.536,2734.828,3033.888,3800.178,0.002,,3584,3370.2
2525,6661.8,287.524,0.979,100.913,237.856,425.964,604.571,721.556,944.857,1754.531,0.003,,6661.8,8760
2530,6658.4,302.553,0.939,113.021,250.704,446.971,632.829,759.737,997.948,1629.109,0.003,,6658.4,8062.6
2535,6844.4,700.346,0.951,109.204,247.782,472.067,720.138,7656.019,8225.811,9283.232,0.001,,6844.4,7645.8
2540,42,7872.378,29.028,7624.009,7773.159,8158.984,8334.867,8488.312,8792.793,8919.426,0,,42,6962.6
2545,2939.4,363.259,0.929,121.04,291.786,545.222,769.568,914.672,1201.839,1897.4,0.003,,2939.4,1956.4
2550,2310.6,2203.203,1.569,132.917,309.899,647.529,11001.788,11160.856,11487.251,12126.313,0,,2310.6,6375.8
2555,0,-0.001,-0.001,-0.001,-0.001,-0.001,-0.001,-0.001,-0.001,-0.001,-1000,,0,6422.8
2560,4074.6,240.224,1.469,79.86,196.072,357.357,513.408,612.076,815.913,1447.767,0.004,,4074.6,146.2
2565,8384.4,245.415,0.926,84.873,194.76,363.912,525.843,627.255,848.369,1545.714,0.004,,8384.4,4383.2
2570,8297.6,251.107,0.691,81.038,205.184,375.964,537.042,645.466,843.846,1599.74,0.004,,8297.6,7850.8
2575,7568.4,267.217,0.727,84.813,207.61,397.127,588.205,708.588,960.056,1733.693,0.004,,7568.4,7432.6
2580,7122.6,287.418,0.605,104.056,235.119,429.442,597.085,700.674,932.813,1687.039,0.003,,7122.6,5312.6
2585,3409.6,1044.17,1.258,119.641,286.621,586.203,6224.405,6500.044,6723.402,7756.867,0.001,,3409.6,6736.2
2590,1552,366.978,1.895,120.334,310.828,540.021,780.949,928.209,1213.69,2002.775,0.003,,1552,6368.2
2595,3531.6,1094.572,0.762,111.643,285.908,590.8,6860.55,7080.506,7513.451,8188.884,0.001,,3531.6,2645.2
2600,536,366.418,3.514,195.129,339.76,492.639,671.643,784.334,1047.227,1409.24,0.003,,536,4571.8
2605,8284.6,245.705,1.065,87.791,205.568,363.292,514.382,610.755,798.78,1294.066,0.004,,8284.6,8358.2
2610,8244.4,249.932,0.815,80.055,200.005,372.38,543.31,647.77,857.667,2009.681,0.004,,8244.4,7729.6
2615,7654.4,267.669,0.842,84.789,212.507,403.005,580.539,690.887,921.715,1479.383,0.004,,7654.4,7293.8
2620,7179.2,286.618,0.853,99.488,236.147,425.631,605.92,720.648,941.265,1515.713,0.003,,7179.2,7032.6
2625,6518,313.376,0.868,114.908,255.461,460.397,657.304,778.317,1019.557,1833.776,0.003,,6518,6667.6
2630,6687.6,313.971,1.043,104.005,250.249,469.042,671.572,797.858,1068.692,1738.712,0.003,,6687.6,6414.6
2635,5837.4,346.321,0.77,118.808,278.489,527.325,726.263,860.267,1137.864,1876.735,0.003,,5837.4,5690.6
2640,2559,1187.778,0.744,130.936,321.516,666.679,5661.482,5880.801,6212.219,6740.478,0.001,,2559,5905
2645,3665,273.177,2.198,107.01,234.559,399.594,560.398,658.09,854.776,1343.51,0.004,,3665,5565.8
2650,7917.2,259.894,1.146,96.675,208.715,380.661,551.057,656.511,877.267,1657.839,0.004,,7917.2,6983.8
2655,7946.2,260.929,1.03,85.954,213.256,391.548,556.149,656.788,877.475,1516.786,0.004,,7946.2,7297.8
2660,7527.2,273.532,1.014,89.505,218.577,410.338,587.182,699.802,926.597,1672.987,0.004,,7527.2,4586.2
2665,6861.4,298.466,0.621,93.844,237.842,449.474,645.122,766.11,1007.145,6445.059,0.003,,6861.4,4578.8
2670,1815.4,1332.185,1.036,107.106,286.681,707.027,5040.928,5281.297,5577.466,6674.258,0.001,,1815.4,0
2675,4720,538.68,1.22,114.468,274.253,541.554,814.596,1027.755,8089.607,9185.576,0.002,,4720,4864.6
2680,442.6,5193.917,2.488,146.1,7694.316,7831.106,7971.38,8116.56,8340.591,8860.116,0,,442.6,0
2685,3389,252.591,0.882,88.804,208.986,372.406,534.367,636.422,856.432,1470.464,0.004,,3389,6059
2690,8093.2,256.868,0.987,93.077,213.661,380.234,534.6,637.668,849.594,1405.126,0.004,,8093.2,8288
2695,7687.8,265.88,0.99,85.326,211.829,396.64,574.558,691.391,934.862,1581.859,0.004,,7687.8,8003.2
2700,7677.6,271.714,1.3,92.732,217.766,403.757,578.742,695.583,929.445,1588.026,0.004,,7677.6,7169.6
2705,6670,301.83,1.049,106.812,242.925,450.84,641.472,759.568,997.605,1849.659,0.003,,6670,6971
2710,6766.4,303.581,1.155,111.572,247.857,448.238,636.592,754.59,996.549,1935.46,0.003,,6766.4,6438.8
2715,6029.8,338.661,1.185,113.27,270.053,515.705,719.829,846.3,1114.584,1918.458,0.003,,6029.8,6310
2720,6012.2,341.5,1.292,114.715,269.899,508.593,726.609,875.688,1167.189,1979.852,0.003,,6012.2,5823.6
2725,5282.2,394.047,1.509,137.176,312.429,596.038,831.551,976.54,1318.201,2425.026,0.003,,5282.2,5721
2730,2456.6,1373.752,0.782,123.768,314.325,709.88,6583.884,6766.318,7226.214,8060.698,0.001,,2456.6,5433
2735,2528.4,264.342,2.438,94.994,223.229,397.554,546.111,642.872,836.268,1196.324,0.004,,2528.4,6936.6
2740,7839.4,260.738,0.79,98.812,216.019,382.498,542.043,647.626,859.934,1572.668,0.004,,7839.4,7207.2
2745,7235.6,283.166,0.567,87.992,216.926,417.273,633.021,766.126,1004.366,1794.689,0.004,,7235.6,7041
2750,7363.8,279.198,0.617,99.12,233.153,405.346,587.241,702.407,949.188,1800.057,0.004,,7363.8,2745.2
2755,6893.6,297.434,0.806,107.166,241.292,443.96,620.394,734.817,975.758,1951.667,0.003,,6893.6,4256.4
2760,3980.8,513.052,0.612,111.206,288.528,587.479,1839.2,2199.668,2627.268,3431.298,0.002,,3980.8,6496.8
2765,6078.4,337.381,1.036,111.906,266.841,505.449,729.384,863.016,1135.982,2123.316,0.003,,6078.4,5947.8
2770,2771.2,1316.516,0.878,102.489,288.918,659.433,7023.469,7226.185,7589.252,8852.415,0.001,,2771.2,3496.8
2775,1450,321.362,2.986,150.745,286.779,461.125,630.665,726.854,952.396,1414.503,0.003,,1450,249.6
2780,4913,409.952,1.017,110.518,244.536,435.136,768.091,1961.69,2344.291,2947.589,0.002,,4913,8223.4
2785,7828,261.592,1.325,97.719,214.663,390.067,544.579,650.21,851.4,1543.306,0.004,,7828,8207.2
2790,7150.6,288.24,1.16,98.311,232.032,430.204,609.303,722.636,962.177,2065.529,0.003,,7150.6,7443.2
2795,6809.6,303.024,1.028,103.578,243.515,449.707,646.48,769.257,1028.406,2155.206,0.003,,6809.6,6858.8
2800,6482.6,398.521,0.924,102.189,251.216,483.356,732.154,1022.09,2903.911,3657.029,0.003,,6482.6,6576.8
2805,3157.4,468.558,0.655,137.517,317.911,601.191,866.432,1318.635,2751.4,12266.616,0.002,,3157.4,2726.2
2810,1817.8,2702.162,1.899,123.791,331.155,817.389,11051.942,11209.021,11464.357,12029.887,0,,1817.8,4974
2815,0,-0.001,-0.001,-0.001,-0.001,-0.001,-0.001,-0.001,-0.001,-0.001,-1000,,0,3516.6
2820,4490.2,270.291,0.927,106.543,223.477,395.517,555.029,652.209,862.763,1597.039,0.004,,4490.2,0
2825,8915.8,236.534,0.695,75.468,193.09,347.051,506.416,611.5,826.281,1435.327,0.004,,8915.8,8038
2830,7874.6,253.49,0.601,79.685,206.009,382.53,548.303,648.077,852.075,1340.077,0.004,,7874.6,8255.6
2835,7530.4,272.829,1.01,97.429,222.033,404.175,573.847,686.478,896.192,1587.894,0.004,,7530.4,7578.4
2840,7339.4,283.427,1.074,85.631,223.82,424.311,618.5,735.194,982.171,1827.413,0.004,,7339.4,7314.4
2845,6415.6,314.491,1.066,106.532,250.904,472.833,668.599,793.286,1041.563,1869.172,0.003,,6415.6,6680
2850,6366,320.301,1.156,114.579,259.376,483.344,669.074,784.511,1029.694,1706.364,0.003,,6366,6732.2
2855,5924,348.909,0.632,125.138,281.369,524.223,727.896,860.924,1133.827,1929.569,0.003,,5924,5064.4
2860,5959,347.415,0.988,111.128,281.123,526.854,739.281,867.985,1137.489,1935.478,0.003,,5959,1089.8
2865,5343.4,384.846,1.442,135.734,305.644,575.806,803.886,963.273,1289.988,2256.705,0.003,,5343.4,8301.6
2870,5330,375.878,0.938,110.202,295.899,575.167,824.519,977.781,1294.197,2366.881,0.003,,5330,8251.4
2875,5195.2,405.851,0.993,133.954,315.067,611.578,891.937,1050.702,1367.88,1979.649,0.002,,5195.2,7529.2
2880,4789.4,470.532,1.171,135.375,326.271,646.939,940.976,1169.806,3191.65,4205.062,0.002,,4789.4,7066.8
2885,3466,844.463,2.131,104.502,261.44,772.356,3132.838,3260.624,3689.287,4999.048,0.001,,3466,6413
2890,3117.6,289.333,1.135,98.995,229.597,431.921,623.216,745.575,990.75,1537.677,0.003,,3117.6,5558.8
2895,7098.4,289.574,1.276,92.964,226.109,436.083,628.039,747.266,983.212,1624.633,0.003,,7098.4,3875
2900,5616.2,400.353,0.893,98.508,247.347,473.165,762.872,1833.189,2316.353,3109.809,0.002,,5616.2,1646.6
2905,4665.6,921.877,0.896,132.533,303.873,563.818,1002.005,7097.469,7414.522,8378.107,0.001,,4665.6,0
2910,0,-0.001,-0.001,-0.001,-0.001,-0.001,-0.001,-0.001,-0.001,-0.001,-1000,,0,7966
2915,4574.2,708.3,2.363,134.591,291.268,548.544,829.717,1336.238,8227.818,9092.201,0.001,,4574.2,7933.6
2920,272.6,5474.38,3.611,120.531,7616.289,7713.494,7847.758,7941.976,8049.163,8497.577,0,,272.6,7602.6
2925,3655,264.08,1.727,100.284,225.309,388.707,541.744,654.952,866.32,1272.56,0.004,,3655,7381.6
2930,8242.4,247.364,1.195,91.801,205.903,359.801,518.592,622.296,821.195,1542.134,0.004,,8242.4,6432.2
2935,7908.2,263.875,0.979,83.432,208.861,396.137,573.117,685.989,902.99,1614.533,0.004,,7908.2,6498.6
2940,7316.2,279.31,0.8,101.772,225.841,413.569,585.397,697.945,922.566,1840.145,0.004,,7316.2,6053
2945,6762.8,301.474,0.645,109.108,247.071,447.193,631.835,742.186,981.023,1754.305,0.003,,6762.8,5655.4
2950,6529.8,316.521,0.915,102.688,253.969,478.467,675.512,801.843,1075.668,2072.306,0.003,,6529.8,918.4
2955,6142.6,334.804,1.425,105.086,263.353,511.886,721.857,849.952,1115.384,1963.06,0.003,,6142.6,0
2960,5996.8,338.615,0.958,118.056,270.96,506.353,715.166,845.644,1134.216,1851.091,0.003,,5996.8,7287.4
2965,5555.8,369.198,0.732,111.607,284.097,554.901,811.583,981.589,1338.542,2480.298,0.003,,5555.8,8047.8
2970,5237.8,441.99,0.76,136.11,311.333,590.208,846.026,1007.104,1692.333,7191.169,0.002,,5237.8,7405
2975,671,3221.645,1.997,147.471,5554.573,5847.1,6010.201,6117.832,6449.401,6837.443,0,,671,7075
2980,5885,332.958,0.84,108.363,235.913,440.566,694.813,1177.438,1491.905,2605.111,0.003,,5885,6645
2985,6106.2,285.563,1.029,100.667,237.852,420.232,584.237,708.3,1018.833,2043.231,0.004,,6106.2,6474.4
2990,7262.8,285.075,1.25,94.784,234.196,430.433,604.757,711.173,937.65,1685.787,0.004,,7262.8,6022.8
2995,6829.8,296.588,1.129,105.761,245.278,439.909,627.756,736.505,971.598,1866.442,0.003,,6829.8,5612.8
3000,3755.8,773.62,1.417,128.878,292.119,570.256,4277.935,4561.173,4949.848,6002.903,0.001,,3755.8,3421.8
3005,3214.4,374.876,1.524,142.698,305.533,553.785,774.512,924.807,1203.198,1966.261,0.003,,3214.4,0
3010,1921.4,1358.426,1.345,129.933,309.098,792.574,5244.993,5505.111,5771.593,6080.53,0.001,,1921.4,3082
3015,5450.8,268.221,1.368,96.41,224.763,390.681,564.163,674.438,903.012,1514.641,0.004,,5450.8,8085.8
3020,7843.4,260.52,0.738,97.722,216.234,376.771,544.885,649.168,853.82,1510.354,0.004,,7843.4,8199.6
3025,7428.4,276.112,1.132,98.17,224.21,409.956,580.896,690.258,926.032,1645.236,0.004,,7428.4,7345.8
3030,6977.2,296.947,1.018,104.89,240.638,440.481,628.654,752.128,987.255,1701.903,0.003,,6977.2,7052.6
3035,6570,309.878,1.374,113.674,251.503,459.739,654.307,765.446,1001.514,1763.703,0.003,,6570,2219.8
3040,6120.6,341.763,1.086,113.408,273.538,516.197,733.307,867.909,1154.389,1759.962,0.003,,6120.6,1537
3045,5733.8,350.719,0.805,129.247,284.248,524.692,726.218,861.308,1133.896,1885.055,0.003,,5733.8,6012.4
3050,4633.4,853.285,1.269,176.461,369.149,724.583,1206.13,5409.354,5806.729,7100.553,0.001,,4633.4,1265.8
3055,321.6,555.862,7.126,316.548,511.493,767.06,961.405,1109.673,1315.878,1774.227,0.002,,321.6,2155.6
3060,7802.6,251.715,1.228,102.47,219.293,363.978,506.906,601.472,775.981,1296.646,0.004,,7802.6,8386.8
3065,7296.6,283.861,0.913,103.194,227.426,410.987,605.603,730.491,989.877,1541.289,0.004,,7296.6,7769
3070,6984.2,293.526,0.865,99.276,234.252,438.396,637.07,754.829,977.248,1786.271,0.003,,6984.2,6464.6
3075,7230,285.685,1.163,100.834,235.577,428.386,597.443,703.226,921.172,1667.621,0.004,,7230,6758.6
3080,6389.8,317.657,0.807,119.745,262.515,465.075,661.333,783.028,1025.884,1905.286,0.003,,6389.8,6682.8
3085,2656.8,1174.787,0.647,104.373,280.876,616.561,5911.177,6171.573,6405.474,7156.025,0.001,,2656.8,6493.4
3090,2676.6,367.683,2.032,124.638,294.335,521.269,806.791,964.056,1287.401,1971.669,0.003,,2676.6,4789.2
3095,2359,1066.752,1.907,123.037,341.863,753.624,4468.019,4711.895,5121.36,6099.667,0.001,,2359,829.6
3100,5537.8,280.945,1.679,105.591,231.883,418.173,574.457,693.879,940.166,1571.83,0.004,,5537.8,8039.8
3105,7986,256.405,1.521,90.202,214.367,381.126,540.439,641.972,821.691,1531.114,0.004,,7986,7964
3110,7254.6,278.258,1.103,90.355,218.45,409.093,610.375,724.727,985.635,1895.127,0.004,,7254.6,7234.6
3115,6866.6,305.171,0.9,115.047,259.012,449.643,623.835,738.889,986.849,1919.233,0.003,,6866.6,6958
3120,6359.6,319.865,1.031,106.893,260.384,484.128,670.394,795.21,1050.904,1842.935,0.003,,6359.6,4823
3125,6438.2,324.691,1.244,110.51,262.513,477.693,696.674,833.001,1103.995,1986.462,0.003,,6438.2,5965.8
3130,5600.8,366.067,0.804,121.814,305.601,549.219,779.323,909.599,1185.962,1974.687,0.003,,5600.8,6198.4
3135,3433.2,1975.159,2.943,164.826,367.924,696.844,13272.597,13722.308,14786.417,15033.946,0.001,,3433.2,5914.4
3140,0,-0.001,-0.001,-0.001,-0.001,-0.001,-0.001,-0.001,-0.001,-0.001,-1000,,0,7739.4
3145,0,-0.001,-0.001,-0.001,-0.001,-0.001,-0.001,-0.001,-0.001,-0.001,-1000,,0,7258.4
3150,2734.8,519.844,3.427,192.81,431.089,762.602,1055.781,1344.438,1688.477,2612.739,0.002,,2734.8,7292
3155,4755,445.354,1,151.237,336.926,649.018,972.689,1228.11,1670.459,2701.373,0.002,,4755,6472.6
3160,3923.2,498.66,3.605,188.994,398.909,709.351,1051.63,1279.397,1792.003,2907.961,0.002,,3923.2,6395
3165,3879,561.15,2.973,165.371,392.216,836.174,1262.906,1561.791,2161.873,3382.126,0.002,,3879,5789
3170,3412.8,551.171,0.698,193.926,399.42,807.014,1181.582,1450.145,2061.472,3174.6,0.002,,3412.8,5647.8
3175,7464.8,276.091,1.218,95.432,225.725,406.463,589.849,700.73,922.547,1698.566,0.004,,7464.8,4202.4
3180,6719.8,304.377,1.46,109.019,246.862,445.21,638.691,775.941,1029.791,1752.738,0.003,,6719.8,0
3185,6469.6,317.055,0.869,114.276,254.381,469.758,672.176,799.672,1023.347,1637.07,0.003,,6469.6,1523.2
3190,6075.2,339.075,0.735,112.669,272.662,508.78,728.471,866.928,1154.968,2094.676,0.003,,6075.2,8535.8
3195,6063,337.214,1.432,105.064,269.775,511.229,727.522,857.176,1133.822,2005.14,0.003,,6063,8526.8
3200,5583.4,369.535,0.986,128.362,299.672,554.149,776.842,923.567,1227.119,1941.684,0.003,,5583.4,7645.4
3205,5547.6,367.61,2.172,126.41,297.793,554.936,773.317,907.08,1193.141,2061.83,0.003,,5547.6,7428.2
3210,5120.4,401.696,2.222,138.464,317.339,613.158,842.554,988.903,1296.167,2233.953,0.002,,5120.4,6588
3215,5206.4,392.652,1.71,140.245,313.598,591.423,818.846,957.097,1288.126,2371.416,0.003,,5206.4,6420
3220,4747.2,440.62,2.028,145.096,348.18,676.335,938.812,1095.663,1432.268,3046.943,0.002,,4747.2,6085
3225,2725.8,1385.646,4.068,183.175,420.954,891.488,6668.807,6829.72,7338.698,8522.351,0.001,,2725.8,5596.6
3230,527.6,559.374,22.07,216.425,504.125,837.379,1101.19,1319.551,1614.933,1841.851,0.002,,527.6,5514.2
3235,7411.4,265.165,0.827,84.638,204.735,390.317,584.296,706.923,982.735,1632.635,0.004,,7411.4,1293.4
3240,7445.4,276.098,0.996,108.8,237.842,398.249,551.535,659.351,890.517,1730.102,0.004,,7445.4,0
3245,7235.8,283.555,1.024,98.417,227.873,426.898,600.943,711.534,945.898,1625.895,0.004,,7235.8,5124
3250,6770.6,308.865,1.287,110.493,258.535,453.492,640.928,761.253,1014.202,1710.366,0.003,,6770.6,7863.2
3255,5114.2,617.935,0.985,108.756,271.739,530.526,967.598,4013.963,4492.705,5495.302,0.002,,5114.2,7304.8
3260,2185.8,419.334,3.519,165.129,358.108,607.56,853.876,1016.142,1288.172,1736.119,0.002,,2185.8,6939.2
3265,2890,1287.271,1.28,133.869,319.347,628.037,6926.721,7298.091,7505.462,8324.211,0.001,,2890,2485.8
3270,1043.4,324.547,0.826,141.66,292.764,482.312,624.504,716.246,912.098,1225.808,0.003,,1043.4,0
3275,7649,268.442,0.686,96.183,220.899,396.894,567.365,673.935,899.982,1663.581,0.004,,7649,3418.4
3280,7839.8,260.861,0.914,85.455,207.916,390.152,561.592,669.481,899.172,1474.617,0.004,,7839.8,8811
3285,6896.8,296.16,1.597,106.035,240.067,438.307,622.852,743.222,969.945,1495.818,0.003,,6896.8,8083
3290,6983.2,293.202,1.349,95.046,237.317,438.29,623.781,741.79,1005.054,1652.486,0.003,,6983.2,7574.6
3295,6099,349.061,1.821,131.803,283.842,506.928,739.514,881.117,1159.36,2075.523,0.003,,6099,7348.2
3300,3731,615.424,1.483,111.872,282.048,561.511,2886.361,3148.687,3510.886,4304.211,0.002,,3731,6347
3305,4540,1230.978,1.209,142.727,325.58,607.613,1116.854,10018.538,10378.022,11328.004,0.001,,4540,6419.6
3310,0,-0.001,-0.001,-0.001,-0.001,-0.001,-0.001,-0.001,-0.001,-0.001,-1000,,0,5776.6
3315,552.4,366.24,9.536,207.571,359.559,504.538,556.548,692.513,947.694,1297.526,0.003,,552.4,5540
3320,8316,248.339,1.071,91.942,206.654,367.211,525.197,620.697,779.68,1761.805,0.004,,8316,5330.4
3325,7840,260.34,1.085,93.164,209.716,386.373,548.77,660.526,869.505,1590.628,0.004,,7840,3270.4
3330,7410.2,276.81,0.888,101.703,229.551,411.877,581.169,669.445,870.986,1552.7,0.004,,7410.2,7038.8
3335,7056.4,297.532,1.352,103.423,236.674,445.891,632.087,749.769,993.052,1732.602,0.003,,7056.4,7396.2
3340,6260.2,324.881,1.64,122.096,266.88,480.266,684.758,800.987,1036.793,2140.111,0.003,,6260.2,6879.8
3345,5886,345.591,0.718,127.083,289.115,510.12,718.92,849.34,1092.23,1935.018,0.003,,5886,4648.2
3350,6048.2,338.085,1.255,112.625,262.013,505.069,729.627,870.062,1168.238,2093.19,0.003,,6048.2,4278
3355,5533.6,363.578,1.332,129.464,288.403,545.112,770.986,896.063,1161.868,1944.511,0.003,,5533.6,688
3360,4888.4,629.882,2.006,174.402,359.65,651.749,912.719,1123.805,9104.735,10298.014,0.002,,4888.4,4611.4
3365,413.6,6182.206,9.274,257.952,8360.126,8821.895,9065.947,9208.686,9472.886,9779.081,0,,413.6,8034.2
3370,1635,338.003,2.953,136.412,283.154,500.452,687.303,797.673,1036.002,1463.593,0.003,,1635,7769
3375,7454.2,269.37,0.885,103.411,228.242,400.551,549.112,643.737,821.515,1312.545,0.004,,7454.2,7048.8
3380,7307.6,280.042,0.896,94.363,223.25,418.387,602.519,716.19,952.344,1506.651,0.004,,7307.6,6745.4
3385,7082.8,292.369,1.094,104.694,240.06,441.076,610.493,720.089,943.401,1557.841,0.003,,7082.8,6370.8
3390,6485.2,312.785,1.151,119.225,264.259,451.708,647.698,761.659,1021.071,1725.358,0.003,,6485.2,5996.4
3395,6124.6,340.756,0.673,130.512,283.907,518.323,686.851,802.784,1074.603,2345.99,0.003,,6124.6,5726.8
3400,5609.8,360.182,0.765,125.156,287.447,537.408,768.546,910.848,1191.492,1966.852,0.003,,5609.8,5499.2
3405,5557.6,374.269,1.582,133.544,300.502,542.276,798.063,956.634,1302.807,2558.945,0.003,,5557.6,5332.2
3410,3720.2,1301.281,2.141,197.362,422.847,876.325,7431.417,8134.588,8457.358,9764.621,0.001,,3720.2,4317.6
3415,0,-0.001,-0.001,-0.001,-0.001,-0.001,-0.001,-0.001,-0.001,-0.001,-1000,,0,4784.6
3420,4539.6,277.974,1.612,103.228,223.65,394.637,587.166,713.346,1016.432,1595.533,0.004,,4539.6,6807.8
3425,8001.6,260.527,0.97,87.236,214.117,392.635,555.302,656.197,866.96,1525.579,0.004,,8001.6,6389.4
3430,7021.8,283.54,1.124,111.378,236.663,418.867,580.629,682.265,886.383,1603.581,0.004,,7021.8,3848.6
3435,6812,308.379,1.55,107.045,245.115,460.183,664.687,787.76,1035.498,1563.274,0.003,,6812,1243.2
3440,6396,314.541,1.464,107.176,249.17,465.211,684.542,811.854,1077.239,1853.893,0.003,,6396,3793.6
3445,5708,356.683,1.45,142.097,314.687,516.925,704.971,839.654,1113.739,2349.558,0.003,,5708,0
3450,6091.8,356.392,1.381,142.393,303.232,505.585,730.904,854.263,1120.382,1976.208,0.003,,6091.8,1674.6
3455,5079.6,399.583,1.611,145.716,328.623,586.869,850.937,1008.28,1286.661,2688.828,0.003,,5079.6,6522.6
3460,3276.4,767.748,2.918,253.627,533.618,917.533,1271.228,1583.729,8162.429,9908.12,0.001,,3276.4,7755
3465,494.4,5300.727,21.384,545.366,7269.333,7563.847,7769.393,7892.866,8097.169,8315.669,0,,494.4,7754.4
3470,2745.2,330.528,1.618,127.798,270.588,484.236,691.848,805.585,1005.099,1518.125,0.003,,2745.2,6863.2
3475,7536.6,271.85,1.212,93.997,216.776,401.236,580.027,698.025,946.76,1613.27,0.004,,7536.6,6733.8
3480,7325,279.053,0.602,96.46,227.669,415.332,593.883,705.686,920.158,1645.242,0.004,,7325,6087.4
3485,6762.6,301.757,1.428,109.176,247.616,441.5,635.971,749.375,992.678,1695.382,0.003,,6762.6,6095.8
3490,6447.2,324.375,1.464,134.336,279.51,473.024,646.492,758.863,974.601,1939.771,0.003,,6447.2,5489.6
3495,5639.8,366.909,1.192,135.968,301.727,536.44,775.661,919.328,1188.892,1764.655,0.003,,5639.8,5477.4
3500,3000.2,1029.798,0.595,128.578,310.856,615.914,5407.843,5572.845,5931.322,6767.648,0.001,,3000.2,5372
3505,2399,402.05,2.085,156.847,325.972,592.662,834.888,981.29,1241.581,2011.251,0.002,,2399,7121.6
3510,2595,1528.03,1.972,148.227,367.884,775.898,7583.782,7834.484,8169.542,9083.764,0.001,,2595,2774.6
3515,321.2,463.064,18.931,335.397,421.734,577.545,739.644,814.324,1108.477,1410.968,0.002,,321.2,7372.8
3520,7698.2,259.918,0.935,92.72,210.093,385.843,550.287,656.153,872.747,1435.317,0.004,,7698.2,6353.8
3525,7514.8,274.861,1.147,91.294,216.369,409.324,590.449,709.439,971.799,1803.55,0.004,,7514.8,6246.8
3530,7049.8,291.627,1.04,107.525,237.804,428.262,610.498,737.13,975.604,2088.45,0.003,,7049.8,4096.2
3535,6452,315.609,1.319,108.124,257.594,473.21,666.574,783.007,1035.393,1694.496,0.003,,6452,4644.8
3540,6190.2,336.769,1.109,121.27,271.489,493.938,717.22,862.144,1140.492,1822.101,0.003,,6190.2,0
3545,5070.6,500.112,0.817,150.927,316.177,577.007,993.781,2106.782,2533.923,3574.36,0.002,,5070.6,348.8
3550,3992,747.739,2.665,142.728,324.373,607.974,876.604,7597.519,8007.726,12547.431,0.001,,3992,7773.4
3555,264.2,6074.682,2.882,7312.371,7437.46,7552.501,7600.657,8029.259,11892.088,12114.022,0,,264.2,8305.2
3560,949.6,1945.936,4.671,237.105,687.72,3974.488,4546.266,4563.674,4602.617,5268.355,0.001,,949.6,7401.6
3565,4335.4,284.342,1.547,107.889,228.55,412.14,615.388,727.274,946.563,1493.888,0.004,,4335.4,7051.4
3570,8056.4,251.9,1.004,88.266,206.517,372.855,532.668,637.13,845.132,1438.565,0.004,,8056.4,4114.8
3575,7513.2,274.093,1.26,94.891,223.737,410.743,580.151,688.502,907.136,1550.601,0.004,,7513.2,6259
3580,6963.4,295.957,1.065,103.258,235.785,436.757,634.07,749.449,997.418,1685.456,0.003,,6963.4,5884.6
3585,6787.4,296.213,1.101,106.18,240.617,444.776,622.822,734.363,941.828,1531.829,0.003,,6787.4,5892.2
3590,6062.6,343.861,1.067,135.859,286.671,501.394,709.239,838.243,1094.626,1753.35,0.003,,6062.6,6735.8
3595,5569.8,326.547,0.723,103.807,256.452,491.232,715.875,860.088,1124.067,1809.671,0.003,,5569.8,6986
